{
  "name": "goit-js-advanced-final-project",
  "version": "0.0.0",
  "lockfileVersion": 3,
  "requires": true,
  "packages": {
    "": {
      "name": "goit-js-advanced-final-project",
      "version": "0.0.0",
      "dependencies": {
        "axios": "^1.7.9",
        "glob": "^11.0.1",
        "izitoast": "^1.4.0",
        "vite-plugin-handlebars": "^2.0.0",
        "vite-plugin-html-inject": "^1.1.2"
      },
      "devDependencies": {
        "gh-pages": "^6.3.0",
        "vite": "^6.0.7",
        "vite-plugin-full-reload": "^1.2.0"
      }
    },
    "node_modules/@esbuild/aix-ppc64": {
      "version": "0.24.2",
      "resolved": "https://registry.npmjs.org/@esbuild/aix-ppc64/-/aix-ppc64-0.24.2.tgz",
      "integrity": "sha512-thpVCb/rhxE/BnMLQ7GReQLLN8q9qbHmI55F4489/ByVg2aQaQ6kbcLb6FHkocZzQhxc4gx0sCk0tJkKBFzDhA==",
      "cpu": [
        "ppc64"
      ],
      "dev": true,
      "license": "MIT",
      "optional": true,
      "os": [
        "aix"
      ],
      "engines": {
        "node": ">=18"
      }
    },
    "node_modules/@esbuild/android-arm": {
      "version": "0.24.2",
      "resolved": "https://registry.npmjs.org/@esbuild/android-arm/-/android-arm-0.24.2.tgz",
      "integrity": "sha512-tmwl4hJkCfNHwFB3nBa8z1Uy3ypZpxqxfTQOcHX+xRByyYgunVbZ9MzUUfb0RxaHIMnbHagwAxuTL+tnNM+1/Q==",
      "cpu": [
        "arm"
      ],
      "dev": true,
      "license": "MIT",
      "optional": true,
      "os": [
        "android"
      ],
      "engines": {
        "node": ">=18"
      }
    },
    "node_modules/@esbuild/android-arm64": {
      "version": "0.24.2",
      "resolved": "https://registry.npmjs.org/@esbuild/android-arm64/-/android-arm64-0.24.2.tgz",
      "integrity": "sha512-cNLgeqCqV8WxfcTIOeL4OAtSmL8JjcN6m09XIgro1Wi7cF4t/THaWEa7eL5CMoMBdjoHOTh/vwTO/o2TRXIyzg==",
      "cpu": [
        "arm64"
      ],
      "dev": true,
      "license": "MIT",
      "optional": true,
      "os": [
        "android"
      ],
      "engines": {
        "node": ">=18"
      }
    },
    "node_modules/@esbuild/android-x64": {
      "version": "0.24.2",
      "resolved": "https://registry.npmjs.org/@esbuild/android-x64/-/android-x64-0.24.2.tgz",
      "integrity": "sha512-B6Q0YQDqMx9D7rvIcsXfmJfvUYLoP722bgfBlO5cGvNVb5V/+Y7nhBE3mHV9OpxBf4eAS2S68KZztiPaWq4XYw==",
      "cpu": [
        "x64"
      ],
      "dev": true,
      "license": "MIT",
      "optional": true,
      "os": [
        "android"
      ],
      "engines": {
        "node": ">=18"
      }
    },
    "node_modules/@esbuild/darwin-arm64": {
      "version": "0.24.2",
      "resolved": "https://registry.npmjs.org/@esbuild/darwin-arm64/-/darwin-arm64-0.24.2.tgz",
      "integrity": "sha512-kj3AnYWc+CekmZnS5IPu9D+HWtUI49hbnyqk0FLEJDbzCIQt7hg7ucF1SQAilhtYpIujfaHr6O0UHlzzSPdOeA==",
      "cpu": [
        "arm64"
      ],
      "dev": true,
      "license": "MIT",
      "optional": true,
      "os": [
        "darwin"
      ],
      "engines": {
        "node": ">=18"
      }
    },
    "node_modules/@esbuild/darwin-x64": {
      "version": "0.24.2",
      "resolved": "https://registry.npmjs.org/@esbuild/darwin-x64/-/darwin-x64-0.24.2.tgz",
      "integrity": "sha512-WeSrmwwHaPkNR5H3yYfowhZcbriGqooyu3zI/3GGpF8AyUdsrrP0X6KumITGA9WOyiJavnGZUwPGvxvwfWPHIA==",
      "cpu": [
        "x64"
      ],
      "dev": true,
      "license": "MIT",
      "optional": true,
      "os": [
        "darwin"
      ],
      "engines": {
        "node": ">=18"
      }
    },
    "node_modules/@esbuild/freebsd-arm64": {
      "version": "0.24.2",
      "resolved": "https://registry.npmjs.org/@esbuild/freebsd-arm64/-/freebsd-arm64-0.24.2.tgz",
      "integrity": "sha512-UN8HXjtJ0k/Mj6a9+5u6+2eZ2ERD7Edt1Q9IZiB5UZAIdPnVKDoG7mdTVGhHJIeEml60JteamR3qhsr1r8gXvg==",
      "cpu": [
        "arm64"
      ],
      "dev": true,
      "license": "MIT",
      "optional": true,
      "os": [
        "freebsd"
      ],
      "engines": {
        "node": ">=18"
      }
    },
    "node_modules/@esbuild/freebsd-x64": {
      "version": "0.24.2",
      "resolved": "https://registry.npmjs.org/@esbuild/freebsd-x64/-/freebsd-x64-0.24.2.tgz",
      "integrity": "sha512-TvW7wE/89PYW+IevEJXZ5sF6gJRDY/14hyIGFXdIucxCsbRmLUcjseQu1SyTko+2idmCw94TgyaEZi9HUSOe3Q==",
      "cpu": [
        "x64"
      ],
      "dev": true,
      "license": "MIT",
      "optional": true,
      "os": [
        "freebsd"
      ],
      "engines": {
        "node": ">=18"
      }
    },
    "node_modules/@esbuild/linux-arm": {
      "version": "0.24.2",
      "resolved": "https://registry.npmjs.org/@esbuild/linux-arm/-/linux-arm-0.24.2.tgz",
      "integrity": "sha512-n0WRM/gWIdU29J57hJyUdIsk0WarGd6To0s+Y+LwvlC55wt+GT/OgkwoXCXvIue1i1sSNWblHEig00GBWiJgfA==",
      "cpu": [
        "arm"
      ],
      "dev": true,
      "license": "MIT",
      "optional": true,
      "os": [
        "linux"
      ],
      "engines": {
        "node": ">=18"
      }
    },
    "node_modules/@esbuild/linux-arm64": {
      "version": "0.24.2",
      "resolved": "https://registry.npmjs.org/@esbuild/linux-arm64/-/linux-arm64-0.24.2.tgz",
      "integrity": "sha512-7HnAD6074BW43YvvUmE/35Id9/NB7BeX5EoNkK9obndmZBUk8xmJJeU7DwmUeN7tkysslb2eSl6CTrYz6oEMQg==",
      "cpu": [
        "arm64"
      ],
      "dev": true,
      "license": "MIT",
      "optional": true,
      "os": [
        "linux"
      ],
      "engines": {
        "node": ">=18"
      }
    },
    "node_modules/@esbuild/linux-ia32": {
      "version": "0.24.2",
      "resolved": "https://registry.npmjs.org/@esbuild/linux-ia32/-/linux-ia32-0.24.2.tgz",
      "integrity": "sha512-sfv0tGPQhcZOgTKO3oBE9xpHuUqguHvSo4jl+wjnKwFpapx+vUDcawbwPNuBIAYdRAvIDBfZVvXprIj3HA+Ugw==",
      "cpu": [
        "ia32"
      ],
      "dev": true,
      "license": "MIT",
      "optional": true,
      "os": [
        "linux"
      ],
      "engines": {
        "node": ">=18"
      }
    },
    "node_modules/@esbuild/linux-loong64": {
      "version": "0.24.2",
      "resolved": "https://registry.npmjs.org/@esbuild/linux-loong64/-/linux-loong64-0.24.2.tgz",
      "integrity": "sha512-CN9AZr8kEndGooS35ntToZLTQLHEjtVB5n7dl8ZcTZMonJ7CCfStrYhrzF97eAecqVbVJ7APOEe18RPI4KLhwQ==",
      "cpu": [
        "loong64"
      ],
      "dev": true,
      "license": "MIT",
      "optional": true,
      "os": [
        "linux"
      ],
      "engines": {
        "node": ">=18"
      }
    },
    "node_modules/@esbuild/linux-mips64el": {
      "version": "0.24.2",
      "resolved": "https://registry.npmjs.org/@esbuild/linux-mips64el/-/linux-mips64el-0.24.2.tgz",
      "integrity": "sha512-iMkk7qr/wl3exJATwkISxI7kTcmHKE+BlymIAbHO8xanq/TjHaaVThFF6ipWzPHryoFsesNQJPE/3wFJw4+huw==",
      "cpu": [
        "mips64el"
      ],
      "dev": true,
      "license": "MIT",
      "optional": true,
      "os": [
        "linux"
      ],
      "engines": {
        "node": ">=18"
      }
    },
    "node_modules/@esbuild/linux-ppc64": {
      "version": "0.24.2",
      "resolved": "https://registry.npmjs.org/@esbuild/linux-ppc64/-/linux-ppc64-0.24.2.tgz",
      "integrity": "sha512-shsVrgCZ57Vr2L8mm39kO5PPIb+843FStGt7sGGoqiiWYconSxwTiuswC1VJZLCjNiMLAMh34jg4VSEQb+iEbw==",
      "cpu": [
        "ppc64"
      ],
      "dev": true,
      "license": "MIT",
      "optional": true,
      "os": [
        "linux"
      ],
      "engines": {
        "node": ">=18"
      }
    },
    "node_modules/@esbuild/linux-riscv64": {
      "version": "0.24.2",
      "resolved": "https://registry.npmjs.org/@esbuild/linux-riscv64/-/linux-riscv64-0.24.2.tgz",
      "integrity": "sha512-4eSFWnU9Hhd68fW16GD0TINewo1L6dRrB+oLNNbYyMUAeOD2yCK5KXGK1GH4qD/kT+bTEXjsyTCiJGHPZ3eM9Q==",
      "cpu": [
        "riscv64"
      ],
      "dev": true,
      "license": "MIT",
      "optional": true,
      "os": [
        "linux"
      ],
      "engines": {
        "node": ">=18"
      }
    },
    "node_modules/@esbuild/linux-s390x": {
      "version": "0.24.2",
      "resolved": "https://registry.npmjs.org/@esbuild/linux-s390x/-/linux-s390x-0.24.2.tgz",
      "integrity": "sha512-S0Bh0A53b0YHL2XEXC20bHLuGMOhFDO6GN4b3YjRLK//Ep3ql3erpNcPlEFed93hsQAjAQDNsvcK+hV90FubSw==",
      "cpu": [
        "s390x"
      ],
      "dev": true,
      "license": "MIT",
      "optional": true,
      "os": [
        "linux"
      ],
      "engines": {
        "node": ">=18"
      }
    },
    "node_modules/@esbuild/linux-x64": {
      "version": "0.24.2",
      "resolved": "https://registry.npmjs.org/@esbuild/linux-x64/-/linux-x64-0.24.2.tgz",
      "integrity": "sha512-8Qi4nQcCTbLnK9WoMjdC9NiTG6/E38RNICU6sUNqK0QFxCYgoARqVqxdFmWkdonVsvGqWhmm7MO0jyTqLqwj0Q==",
      "cpu": [
        "x64"
      ],
      "dev": true,
      "license": "MIT",
      "optional": true,
      "os": [
        "linux"
      ],
      "engines": {
        "node": ">=18"
      }
    },
    "node_modules/@esbuild/netbsd-arm64": {
      "version": "0.24.2",
      "resolved": "https://registry.npmjs.org/@esbuild/netbsd-arm64/-/netbsd-arm64-0.24.2.tgz",
      "integrity": "sha512-wuLK/VztRRpMt9zyHSazyCVdCXlpHkKm34WUyinD2lzK07FAHTq0KQvZZlXikNWkDGoT6x3TD51jKQ7gMVpopw==",
      "cpu": [
        "arm64"
      ],
      "dev": true,
      "license": "MIT",
      "optional": true,
      "os": [
        "netbsd"
      ],
      "engines": {
        "node": ">=18"
      }
    },
    "node_modules/@esbuild/netbsd-x64": {
      "version": "0.24.2",
      "resolved": "https://registry.npmjs.org/@esbuild/netbsd-x64/-/netbsd-x64-0.24.2.tgz",
      "integrity": "sha512-VefFaQUc4FMmJuAxmIHgUmfNiLXY438XrL4GDNV1Y1H/RW3qow68xTwjZKfj/+Plp9NANmzbH5R40Meudu8mmw==",
      "cpu": [
        "x64"
      ],
      "dev": true,
      "license": "MIT",
      "optional": true,
      "os": [
        "netbsd"
      ],
      "engines": {
        "node": ">=18"
      }
    },
    "node_modules/@esbuild/openbsd-arm64": {
      "version": "0.24.2",
      "resolved": "https://registry.npmjs.org/@esbuild/openbsd-arm64/-/openbsd-arm64-0.24.2.tgz",
      "integrity": "sha512-YQbi46SBct6iKnszhSvdluqDmxCJA+Pu280Av9WICNwQmMxV7nLRHZfjQzwbPs3jeWnuAhE9Jy0NrnJ12Oz+0A==",
      "cpu": [
        "arm64"
      ],
      "dev": true,
      "license": "MIT",
      "optional": true,
      "os": [
        "openbsd"
      ],
      "engines": {
        "node": ">=18"
      }
    },
    "node_modules/@esbuild/openbsd-x64": {
      "version": "0.24.2",
      "resolved": "https://registry.npmjs.org/@esbuild/openbsd-x64/-/openbsd-x64-0.24.2.tgz",
      "integrity": "sha512-+iDS6zpNM6EnJyWv0bMGLWSWeXGN/HTaF/LXHXHwejGsVi+ooqDfMCCTerNFxEkM3wYVcExkeGXNqshc9iMaOA==",
      "cpu": [
        "x64"
      ],
      "dev": true,
      "license": "MIT",
      "optional": true,
      "os": [
        "openbsd"
      ],
      "engines": {
        "node": ">=18"
      }
    },
    "node_modules/@esbuild/sunos-x64": {
      "version": "0.24.2",
      "resolved": "https://registry.npmjs.org/@esbuild/sunos-x64/-/sunos-x64-0.24.2.tgz",
      "integrity": "sha512-hTdsW27jcktEvpwNHJU4ZwWFGkz2zRJUz8pvddmXPtXDzVKTTINmlmga3ZzwcuMpUvLw7JkLy9QLKyGpD2Yxig==",
      "cpu": [
        "x64"
      ],
      "dev": true,
      "license": "MIT",
      "optional": true,
      "os": [
        "sunos"
      ],
      "engines": {
        "node": ">=18"
      }
    },
    "node_modules/@esbuild/win32-arm64": {
      "version": "0.24.2",
      "resolved": "https://registry.npmjs.org/@esbuild/win32-arm64/-/win32-arm64-0.24.2.tgz",
      "integrity": "sha512-LihEQ2BBKVFLOC9ZItT9iFprsE9tqjDjnbulhHoFxYQtQfai7qfluVODIYxt1PgdoyQkz23+01rzwNwYfutxUQ==",
      "cpu": [
        "arm64"
      ],
      "dev": true,
      "license": "MIT",
      "optional": true,
      "os": [
        "win32"
      ],
      "engines": {
        "node": ">=18"
      }
    },
    "node_modules/@esbuild/win32-ia32": {
      "version": "0.24.2",
      "resolved": "https://registry.npmjs.org/@esbuild/win32-ia32/-/win32-ia32-0.24.2.tgz",
      "integrity": "sha512-q+iGUwfs8tncmFC9pcnD5IvRHAzmbwQ3GPS5/ceCyHdjXubwQWI12MKWSNSMYLJMq23/IUCvJMS76PDqXe1fxA==",
      "cpu": [
        "ia32"
      ],
      "dev": true,
      "license": "MIT",
      "optional": true,
      "os": [
        "win32"
      ],
      "engines": {
        "node": ">=18"
      }
    },
    "node_modules/@esbuild/win32-x64": {
      "version": "0.24.2",
      "resolved": "https://registry.npmjs.org/@esbuild/win32-x64/-/win32-x64-0.24.2.tgz",
      "integrity": "sha512-7VTgWzgMGvup6aSqDPLiW5zHaxYJGTO4OokMjIlrCtf+VpEL+cXKtCvg723iguPYI5oaUNdS+/V7OU2gvXVWEg==",
      "cpu": [
        "x64"
      ],
      "dev": true,
      "license": "MIT",
      "optional": true,
      "os": [
        "win32"
      ],
      "engines": {
        "node": ">=18"
      }
    },
    "node_modules/@isaacs/cliui": {
      "version": "8.0.2",
      "resolved": "https://registry.npmjs.org/@isaacs/cliui/-/cliui-8.0.2.tgz",
      "integrity": "sha512-O8jcjabXaleOG9DQ0+ARXWZBTfnP4WNAqzuiJK7ll44AmxGKv/J2M4TPjxjY3znBCfvBXFzucm1twdyFybFqEA==",
      "license": "ISC",
      "dependencies": {
        "string-width": "^5.1.2",
        "string-width-cjs": "npm:string-width@^4.2.0",
        "strip-ansi": "^7.0.1",
        "strip-ansi-cjs": "npm:strip-ansi@^6.0.1",
        "wrap-ansi": "^8.1.0",
        "wrap-ansi-cjs": "npm:wrap-ansi@^7.0.0"
      },
      "engines": {
        "node": ">=12"
      }
    },
    "node_modules/@nodelib/fs.scandir": {
      "version": "2.1.5",
      "resolved": "https://registry.npmjs.org/@nodelib/fs.scandir/-/fs.scandir-2.1.5.tgz",
      "integrity": "sha512-vq24Bq3ym5HEQm2NKCr3yXDwjc7vTsEThRDnkp2DK9p1uqLR+DHurm/NOTo0KG7HYHU7eppKZj3MyqYuMBf62g==",
      "dev": true,
      "license": "MIT",
      "dependencies": {
        "@nodelib/fs.stat": "2.0.5",
        "run-parallel": "^1.1.9"
      },
      "engines": {
        "node": ">= 8"
      }
    },
    "node_modules/@nodelib/fs.stat": {
      "version": "2.0.5",
      "resolved": "https://registry.npmjs.org/@nodelib/fs.stat/-/fs.stat-2.0.5.tgz",
      "integrity": "sha512-RkhPPp2zrqDAQA/2jNhnztcPAlv64XdhIp7a7454A5ovI7Bukxgt7MX7udwAu3zg1DcpPU0rz3VV1SeaqvY4+A==",
      "dev": true,
      "license": "MIT",
      "engines": {
        "node": ">= 8"
      }
    },
    "node_modules/@nodelib/fs.walk": {
      "version": "1.2.8",
      "resolved": "https://registry.npmjs.org/@nodelib/fs.walk/-/fs.walk-1.2.8.tgz",
      "integrity": "sha512-oGB+UxlgWcgQkgwo8GcEGwemoTFt3FIO9ababBmaGwXIoBKZ+GTy0pP185beGg7Llih/NSHSV2XAs1lnznocSg==",
      "dev": true,
      "license": "MIT",
      "dependencies": {
        "@nodelib/fs.scandir": "2.1.5",
        "fastq": "^1.6.0"
      },
      "engines": {
        "node": ">= 8"
      }
    },
    "node_modules/@rollup/rollup-android-arm-eabi": {
      "version": "4.30.1",
      "resolved": "https://registry.npmjs.org/@rollup/rollup-android-arm-eabi/-/rollup-android-arm-eabi-4.30.1.tgz",
      "integrity": "sha512-pSWY+EVt3rJ9fQ3IqlrEUtXh3cGqGtPDH1FQlNZehO2yYxCHEX1SPsz1M//NXwYfbTlcKr9WObLnJX9FsS9K1Q==",
      "cpu": [
        "arm"
      ],
      "license": "MIT",
      "optional": true,
      "os": [
        "android"
      ]
    },
    "node_modules/@rollup/rollup-android-arm64": {
      "version": "4.30.1",
      "resolved": "https://registry.npmjs.org/@rollup/rollup-android-arm64/-/rollup-android-arm64-4.30.1.tgz",
      "integrity": "sha512-/NA2qXxE3D/BRjOJM8wQblmArQq1YoBVJjrjoTSBS09jgUisq7bqxNHJ8kjCHeV21W/9WDGwJEWSN0KQ2mtD/w==",
      "cpu": [
        "arm64"
      ],
      "license": "MIT",
      "optional": true,
      "os": [
        "android"
      ]
    },
    "node_modules/@rollup/rollup-darwin-arm64": {
      "version": "4.30.1",
      "resolved": "https://registry.npmjs.org/@rollup/rollup-darwin-arm64/-/rollup-darwin-arm64-4.30.1.tgz",
      "integrity": "sha512-r7FQIXD7gB0WJ5mokTUgUWPl0eYIH0wnxqeSAhuIwvnnpjdVB8cRRClyKLQr7lgzjctkbp5KmswWszlwYln03Q==",
      "cpu": [
        "arm64"
      ],
      "license": "MIT",
      "optional": true,
      "os": [
        "darwin"
      ]
    },
    "node_modules/@rollup/rollup-darwin-x64": {
      "version": "4.30.1",
      "resolved": "https://registry.npmjs.org/@rollup/rollup-darwin-x64/-/rollup-darwin-x64-4.30.1.tgz",
      "integrity": "sha512-x78BavIwSH6sqfP2xeI1hd1GpHL8J4W2BXcVM/5KYKoAD3nNsfitQhvWSw+TFtQTLZ9OmlF+FEInEHyubut2OA==",
      "cpu": [
        "x64"
      ],
      "license": "MIT",
      "optional": true,
      "os": [
        "darwin"
      ]
    },
    "node_modules/@rollup/rollup-freebsd-arm64": {
      "version": "4.30.1",
      "resolved": "https://registry.npmjs.org/@rollup/rollup-freebsd-arm64/-/rollup-freebsd-arm64-4.30.1.tgz",
      "integrity": "sha512-HYTlUAjbO1z8ywxsDFWADfTRfTIIy/oUlfIDmlHYmjUP2QRDTzBuWXc9O4CXM+bo9qfiCclmHk1x4ogBjOUpUQ==",
      "cpu": [
        "arm64"
      ],
      "license": "MIT",
      "optional": true,
      "os": [
        "freebsd"
      ]
    },
    "node_modules/@rollup/rollup-freebsd-x64": {
      "version": "4.30.1",
      "resolved": "https://registry.npmjs.org/@rollup/rollup-freebsd-x64/-/rollup-freebsd-x64-4.30.1.tgz",
      "integrity": "sha512-1MEdGqogQLccphhX5myCJqeGNYTNcmTyaic9S7CG3JhwuIByJ7J05vGbZxsizQthP1xpVx7kd3o31eOogfEirw==",
      "cpu": [
        "x64"
      ],
      "license": "MIT",
      "optional": true,
      "os": [
        "freebsd"
      ]
    },
    "node_modules/@rollup/rollup-linux-arm-gnueabihf": {
      "version": "4.30.1",
      "resolved": "https://registry.npmjs.org/@rollup/rollup-linux-arm-gnueabihf/-/rollup-linux-arm-gnueabihf-4.30.1.tgz",
      "integrity": "sha512-PaMRNBSqCx7K3Wc9QZkFx5+CX27WFpAMxJNiYGAXfmMIKC7jstlr32UhTgK6T07OtqR+wYlWm9IxzennjnvdJg==",
      "cpu": [
        "arm"
      ],
      "license": "MIT",
      "optional": true,
      "os": [
        "linux"
      ]
    },
    "node_modules/@rollup/rollup-linux-arm-musleabihf": {
      "version": "4.30.1",
      "resolved": "https://registry.npmjs.org/@rollup/rollup-linux-arm-musleabihf/-/rollup-linux-arm-musleabihf-4.30.1.tgz",
      "integrity": "sha512-B8Rcyj9AV7ZlEFqvB5BubG5iO6ANDsRKlhIxySXcF1axXYUyqwBok+XZPgIYGBgs7LDXfWfifxhw0Ik57T0Yug==",
      "cpu": [
        "arm"
      ],
      "license": "MIT",
      "optional": true,
      "os": [
        "linux"
      ]
    },
    "node_modules/@rollup/rollup-linux-arm64-gnu": {
      "version": "4.30.1",
      "resolved": "https://registry.npmjs.org/@rollup/rollup-linux-arm64-gnu/-/rollup-linux-arm64-gnu-4.30.1.tgz",
      "integrity": "sha512-hqVyueGxAj3cBKrAI4aFHLV+h0Lv5VgWZs9CUGqr1z0fZtlADVV1YPOij6AhcK5An33EXaxnDLmJdQikcn5NEw==",
      "cpu": [
        "arm64"
      ],
      "license": "MIT",
      "optional": true,
      "os": [
        "linux"
      ]
    },
    "node_modules/@rollup/rollup-linux-arm64-musl": {
      "version": "4.30.1",
      "resolved": "https://registry.npmjs.org/@rollup/rollup-linux-arm64-musl/-/rollup-linux-arm64-musl-4.30.1.tgz",
      "integrity": "sha512-i4Ab2vnvS1AE1PyOIGp2kXni69gU2DAUVt6FSXeIqUCPIR3ZlheMW3oP2JkukDfu3PsexYRbOiJrY+yVNSk9oA==",
      "cpu": [
        "arm64"
      ],
      "license": "MIT",
      "optional": true,
      "os": [
        "linux"
      ]
    },
    "node_modules/@rollup/rollup-linux-loongarch64-gnu": {
      "version": "4.30.1",
      "resolved": "https://registry.npmjs.org/@rollup/rollup-linux-loongarch64-gnu/-/rollup-linux-loongarch64-gnu-4.30.1.tgz",
      "integrity": "sha512-fARcF5g296snX0oLGkVxPmysetwUk2zmHcca+e9ObOovBR++9ZPOhqFUM61UUZ2EYpXVPN1redgqVoBB34nTpQ==",
      "cpu": [
        "loong64"
      ],
      "license": "MIT",
      "optional": true,
      "os": [
        "linux"
      ]
    },
    "node_modules/@rollup/rollup-linux-powerpc64le-gnu": {
      "version": "4.30.1",
      "resolved": "https://registry.npmjs.org/@rollup/rollup-linux-powerpc64le-gnu/-/rollup-linux-powerpc64le-gnu-4.30.1.tgz",
      "integrity": "sha512-GLrZraoO3wVT4uFXh67ElpwQY0DIygxdv0BNW9Hkm3X34wu+BkqrDrkcsIapAY+N2ATEbvak0XQ9gxZtCIA5Rw==",
      "cpu": [
        "ppc64"
      ],
      "license": "MIT",
      "optional": true,
      "os": [
        "linux"
      ]
    },
    "node_modules/@rollup/rollup-linux-riscv64-gnu": {
      "version": "4.30.1",
      "resolved": "https://registry.npmjs.org/@rollup/rollup-linux-riscv64-gnu/-/rollup-linux-riscv64-gnu-4.30.1.tgz",
      "integrity": "sha512-0WKLaAUUHKBtll0wvOmh6yh3S0wSU9+yas923JIChfxOaaBarmb/lBKPF0w/+jTVozFnOXJeRGZ8NvOxvk/jcw==",
      "cpu": [
        "riscv64"
      ],
      "license": "MIT",
      "optional": true,
      "os": [
        "linux"
      ]
    },
    "node_modules/@rollup/rollup-linux-s390x-gnu": {
      "version": "4.30.1",
      "resolved": "https://registry.npmjs.org/@rollup/rollup-linux-s390x-gnu/-/rollup-linux-s390x-gnu-4.30.1.tgz",
      "integrity": "sha512-GWFs97Ruxo5Bt+cvVTQkOJ6TIx0xJDD/bMAOXWJg8TCSTEK8RnFeOeiFTxKniTc4vMIaWvCplMAFBt9miGxgkA==",
      "cpu": [
        "s390x"
      ],
      "license": "MIT",
      "optional": true,
      "os": [
        "linux"
      ]
    },
    "node_modules/@rollup/rollup-linux-x64-gnu": {
      "version": "4.30.1",
      "resolved": "https://registry.npmjs.org/@rollup/rollup-linux-x64-gnu/-/rollup-linux-x64-gnu-4.30.1.tgz",
      "integrity": "sha512-UtgGb7QGgXDIO+tqqJ5oZRGHsDLO8SlpE4MhqpY9Llpzi5rJMvrK6ZGhsRCST2abZdBqIBeXW6WPD5fGK5SDwg==",
      "cpu": [
        "x64"
      ],
      "license": "MIT",
      "optional": true,
      "os": [
        "linux"
      ]
    },
    "node_modules/@rollup/rollup-linux-x64-musl": {
      "version": "4.30.1",
      "resolved": "https://registry.npmjs.org/@rollup/rollup-linux-x64-musl/-/rollup-linux-x64-musl-4.30.1.tgz",
      "integrity": "sha512-V9U8Ey2UqmQsBT+xTOeMzPzwDzyXmnAoO4edZhL7INkwQcaW1Ckv3WJX3qrrp/VHaDkEWIBWhRwP47r8cdrOow==",
      "cpu": [
        "x64"
      ],
      "license": "MIT",
      "optional": true,
      "os": [
        "linux"
      ]
    },
    "node_modules/@rollup/rollup-win32-arm64-msvc": {
      "version": "4.30.1",
      "resolved": "https://registry.npmjs.org/@rollup/rollup-win32-arm64-msvc/-/rollup-win32-arm64-msvc-4.30.1.tgz",
      "integrity": "sha512-WabtHWiPaFF47W3PkHnjbmWawnX/aE57K47ZDT1BXTS5GgrBUEpvOzq0FI0V/UYzQJgdb8XlhVNH8/fwV8xDjw==",
      "cpu": [
        "arm64"
      ],
      "license": "MIT",
      "optional": true,
      "os": [
        "win32"
      ]
    },
    "node_modules/@rollup/rollup-win32-ia32-msvc": {
      "version": "4.30.1",
      "resolved": "https://registry.npmjs.org/@rollup/rollup-win32-ia32-msvc/-/rollup-win32-ia32-msvc-4.30.1.tgz",
      "integrity": "sha512-pxHAU+Zv39hLUTdQQHUVHf4P+0C47y/ZloorHpzs2SXMRqeAWmGghzAhfOlzFHHwjvgokdFAhC4V+6kC1lRRfw==",
      "cpu": [
        "ia32"
      ],
      "license": "MIT",
      "optional": true,
      "os": [
        "win32"
      ]
    },
    "node_modules/@rollup/rollup-win32-x64-msvc": {
      "version": "4.30.1",
      "resolved": "https://registry.npmjs.org/@rollup/rollup-win32-x64-msvc/-/rollup-win32-x64-msvc-4.30.1.tgz",
      "integrity": "sha512-D6qjsXGcvhTjv0kI4fU8tUuBDF/Ueee4SVX79VfNDXZa64TfCW1Slkb6Z7O1p7vflqZjcmOVdZlqf8gvJxc6og==",
      "cpu": [
        "x64"
      ],
      "license": "MIT",
      "optional": true,
      "os": [
        "win32"
      ]
    },
    "node_modules/@types/estree": {
      "version": "1.0.6",
      "resolved": "https://registry.npmjs.org/@types/estree/-/estree-1.0.6.tgz",
      "integrity": "sha512-AYnb1nQyY49te+VRAVgmzfcgjYS91mY5P0TKUDCLEM+gNnA+3T6rWITXRLYCpahpqSQbN5cE+gHpnPyXjHWxcw==",
      "license": "MIT"
    },
    "node_modules/ansi-regex": {
      "version": "6.1.0",
      "resolved": "https://registry.npmjs.org/ansi-regex/-/ansi-regex-6.1.0.tgz",
      "integrity": "sha512-7HSX4QQb4CspciLpVFwyRe79O3xsIZDDLER21kERQ71oaPodF8jL725AgJMFAYbooIqolJoRLuM81SpeUkpkvA==",
      "license": "MIT",
      "engines": {
        "node": ">=12"
      },
      "funding": {
        "url": "https://github.com/chalk/ansi-regex?sponsor=1"
      }
    },
    "node_modules/ansi-styles": {
      "version": "6.2.1",
      "resolved": "https://registry.npmjs.org/ansi-styles/-/ansi-styles-6.2.1.tgz",
      "integrity": "sha512-bN798gFfQX+viw3R7yrGWRqnrN2oRkEkUjjl4JNn4E8GxxbjtG3FbrEIIY3l8/hrwUwIeCZvi4QuOTP4MErVug==",
      "license": "MIT",
      "engines": {
        "node": ">=12"
      },
      "funding": {
        "url": "https://github.com/chalk/ansi-styles?sponsor=1"
      }
    },
    "node_modules/array-union": {
      "version": "2.1.0",
      "resolved": "https://registry.npmjs.org/array-union/-/array-union-2.1.0.tgz",
      "integrity": "sha512-HGyxoOTYUyCM6stUe6EJgnd4EoewAI7zMdfqO+kGjnlZmBDz/cR5pf8r/cR4Wq60sL/p0IkcjUEEPwS3GFrIyw==",
      "dev": true,
      "license": "MIT",
      "engines": {
        "node": ">=8"
      }
    },
    "node_modules/async": {
      "version": "3.2.6",
      "resolved": "https://registry.npmjs.org/async/-/async-3.2.6.tgz",
      "integrity": "sha512-htCUDlxyyCLMgaM3xXg0C0LW2xqfuQ6p05pCEIsXuyQ+a1koYKTuBMzRNwmybfLgvJDMd0r1LTn4+E0Ti6C2AA==",
      "dev": true,
      "license": "MIT"
    },
    "node_modules/asynckit": {
      "version": "0.4.0",
      "resolved": "https://registry.npmjs.org/asynckit/-/asynckit-0.4.0.tgz",
      "integrity": "sha512-Oei9OH4tRh0YqU3GxhX79dM/mwVgvbZJaSNaRk+bshkj0S5cfHcgYakreBjrHwatXKbz+IoIdYLxrKim2MjW0Q==",
      "license": "MIT"
    },
    "node_modules/axios": {
      "version": "1.7.9",
      "resolved": "https://registry.npmjs.org/axios/-/axios-1.7.9.tgz",
      "integrity": "sha512-LhLcE7Hbiryz8oMDdDptSrWowmB4Bl6RCt6sIJKpRB4XtVf0iEgewX3au/pJqm+Py1kCASkb/FFKjxQaLtxJvw==",
      "license": "MIT",
      "dependencies": {
        "follow-redirects": "^1.15.6",
        "form-data": "^4.0.0",
        "proxy-from-env": "^1.1.0"
      }
    },
    "node_modules/balanced-match": {
      "version": "1.0.2",
      "resolved": "https://registry.npmjs.org/balanced-match/-/balanced-match-1.0.2.tgz",
      "integrity": "sha512-3oSeUO0TMV67hN1AmbXsK4yaqU7tjiHlbxRDZOpH0KW9+CeX4bRAaX0Anxt0tx2MrpRpWwQaPwIlISEJhYU5Pw==",
      "license": "MIT"
    },
    "node_modules/brace-expansion": {
      "version": "2.0.1",
      "resolved": "https://registry.npmjs.org/brace-expansion/-/brace-expansion-2.0.1.tgz",
      "integrity": "sha512-XnAIvQ8eM+kC6aULx6wuQiwVsnzsi9d3WxzV3FpWTGA19F621kwdbsAcFKXgKUHZWsy+mY6iL1sHTxWEFCytDA==",
      "license": "MIT",
      "dependencies": {
        "balanced-match": "^1.0.0"
      }
    },
    "node_modules/braces": {
      "version": "3.0.3",
      "resolved": "https://registry.npmjs.org/braces/-/braces-3.0.3.tgz",
      "integrity": "sha512-yQbXgO/OSZVD2IsiLlro+7Hf6Q18EJrKSEsdoMzKePKXct3gvD8oLcOQdIzGupr5Fj+EDe8gO/lxc1BzfMpxvA==",
      "dev": true,
      "license": "MIT",
      "dependencies": {
        "fill-range": "^7.1.1"
      },
      "engines": {
        "node": ">=8"
      }
    },
    "node_modules/color-convert": {
      "version": "2.0.1",
      "resolved": "https://registry.npmjs.org/color-convert/-/color-convert-2.0.1.tgz",
      "integrity": "sha512-RRECPsj7iu/xb5oKYcsFHSppFNnsj/52OVTRKb4zP5onXwVF3zVmmToNcOfGC+CRDpfK/U584fMg38ZHCaElKQ==",
      "license": "MIT",
      "dependencies": {
        "color-name": "~1.1.4"
      },
      "engines": {
        "node": ">=7.0.0"
      }
    },
    "node_modules/color-name": {
      "version": "1.1.4",
      "resolved": "https://registry.npmjs.org/color-name/-/color-name-1.1.4.tgz",
      "integrity": "sha512-dOy+3AuW3a2wNbZHIuMZpTcgjGuLU/uBL/ubcZF9OXbDo8ff4O8yVp5Bf0efS8uEoYo5q4Fx7dY9OgQGXgAsQA==",
      "license": "MIT"
    },
    "node_modules/combined-stream": {
      "version": "1.0.8",
      "resolved": "https://registry.npmjs.org/combined-stream/-/combined-stream-1.0.8.tgz",
      "integrity": "sha512-FQN4MRfuJeHf7cBbBMJFXhKSDq+2kAArBlmRBvcvFE5BB1HZKXtSFASDhdlz9zOYwxh8lDdnvmMOe/+5cdoEdg==",
      "license": "MIT",
      "dependencies": {
        "delayed-stream": "~1.0.0"
      },
      "engines": {
        "node": ">= 0.8"
      }
    },
    "node_modules/commander": {
      "version": "13.0.0",
      "resolved": "https://registry.npmjs.org/commander/-/commander-13.0.0.tgz",
      "integrity": "sha512-oPYleIY8wmTVzkvQq10AEok6YcTC4sRUBl8F9gVuwchGVUCTbl/vhLTaQqutuuySYOsu8YTgV+OxKc/8Yvx+mQ==",
      "dev": true,
      "license": "MIT",
      "engines": {
        "node": ">=18"
      }
    },
    "node_modules/commondir": {
      "version": "1.0.1",
      "resolved": "https://registry.npmjs.org/commondir/-/commondir-1.0.1.tgz",
      "integrity": "sha512-W9pAhw0ja1Edb5GVdIF1mjZw/ASI0AlShXM83UUGe2DVr5TdAPEA1OA8m/g8zWp9x6On7gqufY+FatDbC3MDQg==",
      "dev": true,
      "license": "MIT"
    },
    "node_modules/cross-spawn": {
      "version": "7.0.6",
      "resolved": "https://registry.npmjs.org/cross-spawn/-/cross-spawn-7.0.6.tgz",
      "integrity": "sha512-uV2QOWP2nWzsy2aMp8aRibhi9dlzF5Hgh5SHaB9OiTGEyDTiJJyx0uy51QXdyWbtAHNua4XJzUKca3OzKUd3vA==",
      "license": "MIT",
      "dependencies": {
        "path-key": "^3.1.0",
        "shebang-command": "^2.0.0",
        "which": "^2.0.1"
      },
      "engines": {
        "node": ">= 8"
      }
    },
    "node_modules/delayed-stream": {
      "version": "1.0.0",
      "resolved": "https://registry.npmjs.org/delayed-stream/-/delayed-stream-1.0.0.tgz",
      "integrity": "sha512-ZySD7Nf91aLB0RxL4KGrKHBXl7Eds1DAmEdcoVawXnLD7SDhpNgtuII2aAkg7a7QS41jxPSZ17p4VdGnMHk3MQ==",
      "license": "MIT",
      "engines": {
        "node": ">=0.4.0"
      }
    },
    "node_modules/dir-glob": {
      "version": "3.0.1",
      "resolved": "https://registry.npmjs.org/dir-glob/-/dir-glob-3.0.1.tgz",
      "integrity": "sha512-WkrWp9GR4KXfKGYzOLmTuGVi1UWFfws377n9cc55/tb6DuqyF6pcQ5AbiHEshaDpY9v6oaSr2XCDidGmMwdzIA==",
      "dev": true,
      "license": "MIT",
      "dependencies": {
        "path-type": "^4.0.0"
      },
      "engines": {
        "node": ">=8"
      }
    },
    "node_modules/eastasianwidth": {
      "version": "0.2.0",
      "resolved": "https://registry.npmjs.org/eastasianwidth/-/eastasianwidth-0.2.0.tgz",
      "integrity": "sha512-I88TYZWc9XiYHRQ4/3c5rjjfgkjhLyW2luGIheGERbNQ6OY7yTybanSpDXZa8y7VUP9YmDcYa+eyq4ca7iLqWA==",
      "license": "MIT"
    },
    "node_modules/email-addresses": {
      "version": "5.0.0",
      "resolved": "https://registry.npmjs.org/email-addresses/-/email-addresses-5.0.0.tgz",
      "integrity": "sha512-4OIPYlA6JXqtVn8zpHpGiI7vE6EQOAg16aGnDMIAlZVinnoZ8208tW1hAbjWydgN/4PLTT9q+O1K6AH/vALJGw==",
      "dev": true,
      "license": "MIT"
    },
    "node_modules/emoji-regex": {
      "version": "9.2.2",
      "resolved": "https://registry.npmjs.org/emoji-regex/-/emoji-regex-9.2.2.tgz",
      "integrity": "sha512-L18DaJsXSUk2+42pv8mLs5jJT2hqFkFE4j21wOmgbUqsZ2hL72NsUU785g9RXgo3s0ZNgVl42TiHp3ZtOv/Vyg==",
      "license": "MIT"
    },
    "node_modules/esbuild": {
      "version": "0.24.2",
      "resolved": "https://registry.npmjs.org/esbuild/-/esbuild-0.24.2.tgz",
      "integrity": "sha512-+9egpBW8I3CD5XPe0n6BfT5fxLzxrlDzqydF3aviG+9ni1lDC/OvMHcxqEFV0+LANZG5R1bFMWfUrjVsdwxJvA==",
      "dev": true,
      "hasInstallScript": true,
      "license": "MIT",
      "bin": {
        "esbuild": "bin/esbuild"
      },
      "engines": {
        "node": ">=18"
      },
      "optionalDependencies": {
        "@esbuild/aix-ppc64": "0.24.2",
        "@esbuild/android-arm": "0.24.2",
        "@esbuild/android-arm64": "0.24.2",
        "@esbuild/android-x64": "0.24.2",
        "@esbuild/darwin-arm64": "0.24.2",
        "@esbuild/darwin-x64": "0.24.2",
        "@esbuild/freebsd-arm64": "0.24.2",
        "@esbuild/freebsd-x64": "0.24.2",
        "@esbuild/linux-arm": "0.24.2",
        "@esbuild/linux-arm64": "0.24.2",
        "@esbuild/linux-ia32": "0.24.2",
        "@esbuild/linux-loong64": "0.24.2",
        "@esbuild/linux-mips64el": "0.24.2",
        "@esbuild/linux-ppc64": "0.24.2",
        "@esbuild/linux-riscv64": "0.24.2",
        "@esbuild/linux-s390x": "0.24.2",
        "@esbuild/linux-x64": "0.24.2",
        "@esbuild/netbsd-arm64": "0.24.2",
        "@esbuild/netbsd-x64": "0.24.2",
        "@esbuild/openbsd-arm64": "0.24.2",
        "@esbuild/openbsd-x64": "0.24.2",
        "@esbuild/sunos-x64": "0.24.2",
        "@esbuild/win32-arm64": "0.24.2",
        "@esbuild/win32-ia32": "0.24.2",
        "@esbuild/win32-x64": "0.24.2"
      }
    },
    "node_modules/escape-string-regexp": {
      "version": "1.0.5",
      "resolved": "https://registry.npmjs.org/escape-string-regexp/-/escape-string-regexp-1.0.5.tgz",
      "integrity": "sha512-vbRorB5FUQWvla16U8R/qgaFIya2qGzwDrNmCZuYKrbdSUMG6I1ZCGQRefkRVhuOkIGVne7BQ35DSfo1qvJqFg==",
      "dev": true,
      "license": "MIT",
      "engines": {
        "node": ">=0.8.0"
      }
    },
    "node_modules/fast-glob": {
      "version": "3.3.3",
      "resolved": "https://registry.npmjs.org/fast-glob/-/fast-glob-3.3.3.tgz",
      "integrity": "sha512-7MptL8U0cqcFdzIzwOTHoilX9x5BrNqye7Z/LuC7kCMRio1EMSyqRK3BEAUD7sXRq4iT4AzTVuZdhgQ2TCvYLg==",
      "dev": true,
      "license": "MIT",
      "dependencies": {
        "@nodelib/fs.stat": "^2.0.2",
        "@nodelib/fs.walk": "^1.2.3",
        "glob-parent": "^5.1.2",
        "merge2": "^1.3.0",
        "micromatch": "^4.0.8"
      },
      "engines": {
        "node": ">=8.6.0"
      }
    },
    "node_modules/fastq": {
      "version": "1.18.0",
      "resolved": "https://registry.npmjs.org/fastq/-/fastq-1.18.0.tgz",
      "integrity": "sha512-QKHXPW0hD8g4UET03SdOdunzSouc9N4AuHdsX8XNcTsuz+yYFILVNIX4l9yHABMhiEI9Db0JTTIpu0wB+Y1QQw==",
      "dev": true,
      "license": "ISC",
      "dependencies": {
        "reusify": "^1.0.4"
      }
    },
    "node_modules/filename-reserved-regex": {
      "version": "2.0.0",
      "resolved": "https://registry.npmjs.org/filename-reserved-regex/-/filename-reserved-regex-2.0.0.tgz",
      "integrity": "sha512-lc1bnsSr4L4Bdif8Xb/qrtokGbq5zlsms/CYH8PP+WtCkGNF65DPiQY8vG3SakEdRn8Dlnm+gW/qWKKjS5sZzQ==",
      "dev": true,
      "license": "MIT",
      "engines": {
        "node": ">=4"
      }
    },
    "node_modules/filenamify": {
      "version": "4.3.0",
      "resolved": "https://registry.npmjs.org/filenamify/-/filenamify-4.3.0.tgz",
      "integrity": "sha512-hcFKyUG57yWGAzu1CMt/dPzYZuv+jAJUT85bL8mrXvNe6hWj6yEHEc4EdcgiA6Z3oi1/9wXJdZPXF2dZNgwgOg==",
      "dev": true,
      "license": "MIT",
      "dependencies": {
        "filename-reserved-regex": "^2.0.0",
        "strip-outer": "^1.0.1",
        "trim-repeated": "^1.0.0"
      },
      "engines": {
        "node": ">=8"
      },
      "funding": {
        "url": "https://github.com/sponsors/sindresorhus"
      }
    },
    "node_modules/fill-range": {
      "version": "7.1.1",
      "resolved": "https://registry.npmjs.org/fill-range/-/fill-range-7.1.1.tgz",
      "integrity": "sha512-YsGpe3WHLK8ZYi4tWDg2Jy3ebRz2rXowDxnld4bkQB00cc/1Zw9AWnC0i9ztDJitivtQvaI9KaLyKrc+hBW0yg==",
      "dev": true,
      "license": "MIT",
      "dependencies": {
        "to-regex-range": "^5.0.1"
      },
      "engines": {
        "node": ">=8"
      }
    },
    "node_modules/find-cache-dir": {
      "version": "3.3.2",
      "resolved": "https://registry.npmjs.org/find-cache-dir/-/find-cache-dir-3.3.2.tgz",
      "integrity": "sha512-wXZV5emFEjrridIgED11OoUKLxiYjAcqot/NJdAkOhlJ+vGzwhOAfcG5OX1jP+S0PcjEn8bdMJv+g2jwQ3Onig==",
      "dev": true,
      "license": "MIT",
      "dependencies": {
        "commondir": "^1.0.1",
        "make-dir": "^3.0.2",
        "pkg-dir": "^4.1.0"
      },
      "engines": {
        "node": ">=8"
      },
      "funding": {
        "url": "https://github.com/avajs/find-cache-dir?sponsor=1"
      }
    },
    "node_modules/find-up": {
      "version": "4.1.0",
      "resolved": "https://registry.npmjs.org/find-up/-/find-up-4.1.0.tgz",
      "integrity": "sha512-PpOwAdQ/YlXQ2vj8a3h8IipDuYRi3wceVQQGYWxNINccq40Anw7BlsEXCMbt1Zt+OLA6Fq9suIpIWD0OsnISlw==",
      "dev": true,
      "license": "MIT",
      "dependencies": {
        "locate-path": "^5.0.0",
        "path-exists": "^4.0.0"
      },
      "engines": {
        "node": ">=8"
      }
    },
    "node_modules/follow-redirects": {
      "version": "1.15.9",
      "resolved": "https://registry.npmjs.org/follow-redirects/-/follow-redirects-1.15.9.tgz",
      "integrity": "sha512-gew4GsXizNgdoRyqmyfMHyAmXsZDk6mHkSxZFCzW9gwlbtOW44CDtYavM+y+72qD/Vq2l550kMF52DT8fOLJqQ==",
      "funding": [
        {
          "type": "individual",
          "url": "https://github.com/sponsors/RubenVerborgh"
        }
      ],
      "license": "MIT",
      "engines": {
        "node": ">=4.0"
      },
      "peerDependenciesMeta": {
        "debug": {
          "optional": true
        }
      }
    },
    "node_modules/foreground-child": {
      "version": "3.3.0",
      "resolved": "https://registry.npmjs.org/foreground-child/-/foreground-child-3.3.0.tgz",
      "integrity": "sha512-Ld2g8rrAyMYFXBhEqMz8ZAHBi4J4uS1i/CxGMDnjyFWddMXLVcDp051DZfu+t7+ab7Wv6SMqpWmyFIj5UbfFvg==",
      "license": "ISC",
      "dependencies": {
        "cross-spawn": "^7.0.0",
        "signal-exit": "^4.0.1"
      },
      "engines": {
        "node": ">=14"
      },
      "funding": {
        "url": "https://github.com/sponsors/isaacs"
      }
    },
    "node_modules/form-data": {
      "version": "4.0.1",
      "resolved": "https://registry.npmjs.org/form-data/-/form-data-4.0.1.tgz",
      "integrity": "sha512-tzN8e4TX8+kkxGPK8D5u0FNmjPUjw3lwC9lSLxxoB/+GtsJG91CO8bSWy73APlgAZzZbXEYZJuxjkHH2w+Ezhw==",
      "license": "MIT",
      "dependencies": {
        "asynckit": "^0.4.0",
        "combined-stream": "^1.0.8",
        "mime-types": "^2.1.12"
      },
      "engines": {
        "node": ">= 6"
      }
    },
    "node_modules/fs-extra": {
      "version": "11.3.0",
      "resolved": "https://registry.npmjs.org/fs-extra/-/fs-extra-11.3.0.tgz",
      "integrity": "sha512-Z4XaCL6dUDHfP/jT25jJKMmtxvuwbkrD1vNSMFlo9lNLY2c5FHYSQgHPRZUjAB26TpDEoW9HCOgplrdbaPV/ew==",
      "dev": true,
      "license": "MIT",
      "dependencies": {
        "graceful-fs": "^4.2.0",
        "jsonfile": "^6.0.1",
        "universalify": "^2.0.0"
      },
      "engines": {
        "node": ">=14.14"
      }
    },
    "node_modules/fsevents": {
      "version": "2.3.3",
      "resolved": "https://registry.npmjs.org/fsevents/-/fsevents-2.3.3.tgz",
      "integrity": "sha512-5xoDfX+fL7faATnagmWPpbFtwh/R77WmMMqqHGS65C3vvB0YHrgF+B1YmZ3441tMj5n63k0212XNoJwzlhffQw==",
      "hasInstallScript": true,
      "license": "MIT",
      "optional": true,
      "os": [
        "darwin"
      ],
      "engines": {
        "node": "^8.16.0 || ^10.6.0 || >=11.0.0"
      }
    },
    "node_modules/gh-pages": {
      "version": "6.3.0",
      "resolved": "https://registry.npmjs.org/gh-pages/-/gh-pages-6.3.0.tgz",
      "integrity": "sha512-Ot5lU6jK0Eb+sszG8pciXdjMXdBJ5wODvgjR+imihTqsUWF2K6dJ9HST55lgqcs8wWcw6o6wAsUzfcYRhJPXbA==",
      "dev": true,
      "license": "MIT",
      "dependencies": {
        "async": "^3.2.4",
        "commander": "^13.0.0",
        "email-addresses": "^5.0.0",
        "filenamify": "^4.3.0",
        "find-cache-dir": "^3.3.1",
        "fs-extra": "^11.1.1",
        "globby": "^11.1.0"
      },
      "bin": {
        "gh-pages": "bin/gh-pages.js",
        "gh-pages-clean": "bin/gh-pages-clean.js"
      },
      "engines": {
        "node": ">=10"
      }
    },
    "node_modules/glob": {
      "version": "11.0.1",
      "resolved": "https://registry.npmjs.org/glob/-/glob-11.0.1.tgz",
      "integrity": "sha512-zrQDm8XPnYEKawJScsnM0QzobJxlT/kHOOlRTio8IH/GrmxRE5fjllkzdaHclIuNjUQTJYH2xHNIGfdpJkDJUw==",
      "license": "ISC",
      "dependencies": {
        "foreground-child": "^3.1.0",
        "jackspeak": "^4.0.1",
        "minimatch": "^10.0.0",
        "minipass": "^7.1.2",
        "package-json-from-dist": "^1.0.0",
        "path-scurry": "^2.0.0"
      },
      "bin": {
        "glob": "dist/esm/bin.mjs"
      },
      "engines": {
        "node": "20 || >=22"
      },
      "funding": {
        "url": "https://github.com/sponsors/isaacs"
      }
    },
    "node_modules/glob-parent": {
      "version": "5.1.2",
      "resolved": "https://registry.npmjs.org/glob-parent/-/glob-parent-5.1.2.tgz",
      "integrity": "sha512-AOIgSQCepiJYwP3ARnGx+5VnTu2HBYdzbGP45eLw1vr3zB3vZLeyed1sC9hnbcOc9/SrMyM5RPQrkGz4aS9Zow==",
      "dev": true,
      "license": "ISC",
      "dependencies": {
        "is-glob": "^4.0.1"
      },
      "engines": {
        "node": ">= 6"
      }
    },
    "node_modules/globby": {
      "version": "11.1.0",
      "resolved": "https://registry.npmjs.org/globby/-/globby-11.1.0.tgz",
      "integrity": "sha512-jhIXaOzy1sb8IyocaruWSn1TjmnBVs8Ayhcy83rmxNJ8q2uWKCAj3CnJY+KpGSXCueAPc0i05kVvVKtP1t9S3g==",
      "dev": true,
      "license": "MIT",
      "dependencies": {
        "array-union": "^2.1.0",
        "dir-glob": "^3.0.1",
        "fast-glob": "^3.2.9",
        "ignore": "^5.2.0",
        "merge2": "^1.4.1",
        "slash": "^3.0.0"
      },
      "engines": {
        "node": ">=10"
      },
      "funding": {
        "url": "https://github.com/sponsors/sindresorhus"
      }
    },
    "node_modules/graceful-fs": {
      "version": "4.2.11",
      "resolved": "https://registry.npmjs.org/graceful-fs/-/graceful-fs-4.2.11.tgz",
      "integrity": "sha512-RbJ5/jmFcNNCcDV5o9eTnBLJ/HszWV0P73bc+Ff4nS/rJj+YaS6IGyiOL0VoBYX+l1Wrl3k63h/KrH+nhJ0XvQ==",
      "dev": true,
      "license": "ISC"
    },
    "node_modules/handlebars": {
      "version": "4.7.8",
      "resolved": "https://registry.npmjs.org/handlebars/-/handlebars-4.7.8.tgz",
      "integrity": "sha512-vafaFqs8MZkRrSX7sFVUdo3ap/eNiLnb4IakshzvP56X5Nr1iGKAIqdX6tMlm6HcNRIkr6AxO5jFEoJzzpT8aQ==",
      "license": "MIT",
      "dependencies": {
        "minimist": "^1.2.5",
        "neo-async": "^2.6.2",
        "source-map": "^0.6.1",
        "wordwrap": "^1.0.0"
      },
      "bin": {
        "handlebars": "bin/handlebars"
      },
      "engines": {
        "node": ">=0.4.7"
      },
      "optionalDependencies": {
        "uglify-js": "^3.1.4"
      }
    },
    "node_modules/ignore": {
      "version": "5.3.2",
      "resolved": "https://registry.npmjs.org/ignore/-/ignore-5.3.2.tgz",
      "integrity": "sha512-hsBTNUqQTDwkWtcdYI2i06Y/nUBEsNEDJKjWdigLvegy8kDuJAS8uRlpkkcQpyEXL0Z/pjDy5HBmMjRCJ2gq+g==",
      "dev": true,
      "license": "MIT",
      "engines": {
        "node": ">= 4"
      }
    },
    "node_modules/is-extglob": {
      "version": "2.1.1",
      "resolved": "https://registry.npmjs.org/is-extglob/-/is-extglob-2.1.1.tgz",
      "integrity": "sha512-SbKbANkN603Vi4jEZv49LeVJMn4yGwsbzZworEoyEiutsN3nJYdbO36zfhGJ6QEDpOZIFkDtnq5JRxmvl3jsoQ==",
      "dev": true,
      "license": "MIT",
      "engines": {
        "node": ">=0.10.0"
      }
    },
    "node_modules/is-fullwidth-code-point": {
      "version": "3.0.0",
      "resolved": "https://registry.npmjs.org/is-fullwidth-code-point/-/is-fullwidth-code-point-3.0.0.tgz",
      "integrity": "sha512-zymm5+u+sCsSWyD9qNaejV3DFvhCKclKdizYaJUuHA83RLjb7nSuGnddCHGv0hk+KY7BMAlsWeK4Ueg6EV6XQg==",
      "license": "MIT",
      "engines": {
        "node": ">=8"
      }
    },
    "node_modules/is-glob": {
      "version": "4.0.3",
      "resolved": "https://registry.npmjs.org/is-glob/-/is-glob-4.0.3.tgz",
      "integrity": "sha512-xelSayHH36ZgE7ZWhli7pW34hNbNl8Ojv5KVmkJD4hBdD3th8Tfk9vYasLM+mXWOZhFkgZfxhLSnrwRr4elSSg==",
      "dev": true,
      "license": "MIT",
      "dependencies": {
        "is-extglob": "^2.1.1"
      },
      "engines": {
        "node": ">=0.10.0"
      }
    },
    "node_modules/is-number": {
      "version": "7.0.0",
      "resolved": "https://registry.npmjs.org/is-number/-/is-number-7.0.0.tgz",
      "integrity": "sha512-41Cifkg6e8TylSpdtTpeLVMqvSBEVzTttHvERD741+pnZ8ANv0004MRL43QKPDlK9cGvNp6NZWZUBlbGXYxxng==",
      "dev": true,
      "license": "MIT",
      "engines": {
        "node": ">=0.12.0"
      }
    },
    "node_modules/isexe": {
      "version": "2.0.0",
      "resolved": "https://registry.npmjs.org/isexe/-/isexe-2.0.0.tgz",
      "integrity": "sha512-RHxMLp9lnKHGHRng9QFhRCMbYAcVpn69smSGcq3f36xjgVVWThj4qqLbTLlq7Ssj8B+fIQ1EuCEGI2lKsyQeIw==",
      "license": "ISC"
    },
    "node_modules/izitoast": {
      "version": "1.4.0",
      "resolved": "https://registry.npmjs.org/izitoast/-/izitoast-1.4.0.tgz",
      "integrity": "sha512-Oc1X2wiQtPp39i5VpIjf3GJf5sfCtHKXZ5szx7RareyEeFLUlcEW0FSfBni28+Ul6KNKZRKzhVuWzSP4Xngh0w==",
      "license": "Apache-2.0"
    },
    "node_modules/jackspeak": {
      "version": "4.0.2",
      "resolved": "https://registry.npmjs.org/jackspeak/-/jackspeak-4.0.2.tgz",
      "integrity": "sha512-bZsjR/iRjl1Nk1UkjGpAzLNfQtzuijhn2g+pbZb98HQ1Gk8vM9hfbxeMBP+M2/UUdwj0RqGG3mlvk2MsAqwvEw==",
      "license": "BlueOak-1.0.0",
      "dependencies": {
        "@isaacs/cliui": "^8.0.2"
      },
      "engines": {
        "node": "20 || >=22"
      },
      "funding": {
        "url": "https://github.com/sponsors/isaacs"
      }
    },
    "node_modules/jsonfile": {
      "version": "6.1.0",
      "resolved": "https://registry.npmjs.org/jsonfile/-/jsonfile-6.1.0.tgz",
      "integrity": "sha512-5dgndWOriYSm5cnYaJNhalLNDKOqFwyDB/rr1E9ZsGciGvKPs8R2xYGCacuf3z6K1YKDz182fd+fY3cn3pMqXQ==",
      "dev": true,
      "license": "MIT",
      "dependencies": {
        "universalify": "^2.0.0"
      },
      "optionalDependencies": {
        "graceful-fs": "^4.1.6"
      }
    },
    "node_modules/locate-path": {
      "version": "5.0.0",
      "resolved": "https://registry.npmjs.org/locate-path/-/locate-path-5.0.0.tgz",
      "integrity": "sha512-t7hw9pI+WvuwNJXwk5zVHpyhIqzg2qTlklJOf0mVxGSbe3Fp2VieZcduNYjaLDoy6p9uGpQEGWG87WpMKlNq8g==",
      "dev": true,
      "license": "MIT",
      "dependencies": {
        "p-locate": "^4.1.0"
      },
      "engines": {
        "node": ">=8"
      }
    },
    "node_modules/lru-cache": {
      "version": "11.0.2",
      "resolved": "https://registry.npmjs.org/lru-cache/-/lru-cache-11.0.2.tgz",
      "integrity": "sha512-123qHRfJBmo2jXDbo/a5YOQrJoHF/GNQTLzQ5+IdK5pWpceK17yRc6ozlWd25FxvGKQbIUs91fDFkXmDHTKcyA==",
      "license": "ISC",
      "engines": {
        "node": "20 || >=22"
      }
    },
    "node_modules/make-dir": {
      "version": "3.1.0",
      "resolved": "https://registry.npmjs.org/make-dir/-/make-dir-3.1.0.tgz",
      "integrity": "sha512-g3FeP20LNwhALb/6Cz6Dd4F2ngze0jz7tbzrD2wAV+o9FeNHe4rL+yK2md0J/fiSf1sa1ADhXqi5+oVwOM/eGw==",
      "dev": true,
      "license": "MIT",
      "dependencies": {
        "semver": "^6.0.0"
      },
      "engines": {
        "node": ">=8"
      },
      "funding": {
        "url": "https://github.com/sponsors/sindresorhus"
      }
    },
    "node_modules/merge2": {
      "version": "1.4.1",
      "resolved": "https://registry.npmjs.org/merge2/-/merge2-1.4.1.tgz",
      "integrity": "sha512-8q7VEgMJW4J8tcfVPy8g09NcQwZdbwFEqhe/WZkoIzjn/3TGDwtOCYtXGxA3O8tPzpczCCDgv+P2P5y00ZJOOg==",
      "dev": true,
      "license": "MIT",
      "engines": {
        "node": ">= 8"
      }
    },
    "node_modules/micromatch": {
      "version": "4.0.8",
      "resolved": "https://registry.npmjs.org/micromatch/-/micromatch-4.0.8.tgz",
      "integrity": "sha512-PXwfBhYu0hBCPw8Dn0E+WDYb7af3dSLVWKi3HGv84IdF4TyFoC0ysxFd0Goxw7nSv4T/PzEJQxsYsEiFCKo2BA==",
      "dev": true,
      "license": "MIT",
      "dependencies": {
        "braces": "^3.0.3",
        "picomatch": "^2.3.1"
      },
      "engines": {
        "node": ">=8.6"
      }
    },
    "node_modules/mime-db": {
      "version": "1.52.0",
      "resolved": "https://registry.npmjs.org/mime-db/-/mime-db-1.52.0.tgz",
      "integrity": "sha512-sPU4uV7dYlvtWJxwwxHD0PuihVNiE7TyAbQ5SWxDCB9mUYvOgroQOwYQQOKPJ8CIbE+1ETVlOoK1UC2nU3gYvg==",
      "license": "MIT",
      "engines": {
        "node": ">= 0.6"
      }
    },
    "node_modules/mime-types": {
      "version": "2.1.35",
      "resolved": "https://registry.npmjs.org/mime-types/-/mime-types-2.1.35.tgz",
      "integrity": "sha512-ZDY+bPm5zTTF+YpCrAU9nK0UgICYPT0QtT1NZWFv4s++TNkcgVaT0g6+4R2uI4MjQjzysHB1zxuWL50hzaeXiw==",
      "license": "MIT",
      "dependencies": {
        "mime-db": "1.52.0"
      },
      "engines": {
        "node": ">= 0.6"
      }
    },
    "node_modules/minimatch": {
      "version": "10.0.1",
      "resolved": "https://registry.npmjs.org/minimatch/-/minimatch-10.0.1.tgz",
      "integrity": "sha512-ethXTt3SGGR+95gudmqJ1eNhRO7eGEGIgYA9vnPatK4/etz2MEVDno5GMCibdMTuBMyElzIlgxMna3K94XDIDQ==",
      "license": "ISC",
      "dependencies": {
        "brace-expansion": "^2.0.1"
      },
      "engines": {
        "node": "20 || >=22"
      },
      "funding": {
        "url": "https://github.com/sponsors/isaacs"
      }
    },
    "node_modules/minimist": {
      "version": "1.2.8",
      "resolved": "https://registry.npmjs.org/minimist/-/minimist-1.2.8.tgz",
      "integrity": "sha512-2yyAR8qBkN3YuheJanUpWC5U3bb5osDywNB8RzDVlDwDHbocAJveqqj1u8+SVD7jkWT4yvsHCpWqqWqAxb0zCA==",
      "license": "MIT",
      "funding": {
        "url": "https://github.com/sponsors/ljharb"
      }
    },
    "node_modules/minipass": {
      "version": "7.1.2",
      "resolved": "https://registry.npmjs.org/minipass/-/minipass-7.1.2.tgz",
      "integrity": "sha512-qOOzS1cBTWYF4BH8fVePDBOO9iptMnGUEZwNc/cMWnTV2nVLZ7VoNWEPHkYczZA0pdoA7dl6e7FL659nX9S2aw==",
      "license": "ISC",
      "engines": {
        "node": ">=16 || 14 >=14.17"
      }
    },
    "node_modules/nanoid": {
      "version": "3.3.8",
      "resolved": "https://registry.npmjs.org/nanoid/-/nanoid-3.3.8.tgz",
      "integrity": "sha512-WNLf5Sd8oZxOm+TzppcYk8gVOgP+l58xNy58D0nbUnOxOWRWvlcCV4kUF7ltmI6PsrLl/BgKEyS4mqsGChFN0w==",
      "funding": [
        {
          "type": "github",
          "url": "https://github.com/sponsors/ai"
        }
      ],
      "license": "MIT",
      "bin": {
        "nanoid": "bin/nanoid.cjs"
      },
      "engines": {
        "node": "^10 || ^12 || ^13.7 || ^14 || >=15.0.1"
      }
    },
    "node_modules/neo-async": {
      "version": "2.6.2",
      "resolved": "https://registry.npmjs.org/neo-async/-/neo-async-2.6.2.tgz",
      "integrity": "sha512-Yd3UES5mWCSqR+qNT93S3UoYUkqAZ9lLg8a7g9rimsWmYGK8cVToA4/sF3RrshdyV3sAGMXVUmpMYOw+dLpOuw==",
      "license": "MIT"
    },
    "node_modules/p-limit": {
      "version": "2.3.0",
      "resolved": "https://registry.npmjs.org/p-limit/-/p-limit-2.3.0.tgz",
      "integrity": "sha512-//88mFWSJx8lxCzwdAABTJL2MyWB12+eIY7MDL2SqLmAkeKU9qxRvWuSyTjm3FUmpBEMuFfckAIqEaVGUDxb6w==",
      "dev": true,
      "license": "MIT",
      "dependencies": {
        "p-try": "^2.0.0"
      },
      "engines": {
        "node": ">=6"
      },
      "funding": {
        "url": "https://github.com/sponsors/sindresorhus"
      }
    },
    "node_modules/p-locate": {
      "version": "4.1.0",
      "resolved": "https://registry.npmjs.org/p-locate/-/p-locate-4.1.0.tgz",
      "integrity": "sha512-R79ZZ/0wAxKGu3oYMlz8jy/kbhsNrS7SKZ7PxEHBgJ5+F2mtFW2fK2cOtBh1cHYkQsbzFV7I+EoRKe6Yt0oK7A==",
      "dev": true,
      "license": "MIT",
      "dependencies": {
        "p-limit": "^2.2.0"
      },
      "engines": {
        "node": ">=8"
      }
    },
    "node_modules/p-try": {
      "version": "2.2.0",
      "resolved": "https://registry.npmjs.org/p-try/-/p-try-2.2.0.tgz",
      "integrity": "sha512-R4nPAVTAU0B9D35/Gk3uJf/7XYbQcyohSKdvAxIRSNghFl4e71hVoGnBNQz9cWaXxO2I10KTC+3jMdvvoKw6dQ==",
      "dev": true,
      "license": "MIT",
      "engines": {
        "node": ">=6"
      }
    },
    "node_modules/package-json-from-dist": {
      "version": "1.0.1",
      "resolved": "https://registry.npmjs.org/package-json-from-dist/-/package-json-from-dist-1.0.1.tgz",
      "integrity": "sha512-UEZIS3/by4OC8vL3P2dTXRETpebLI2NiI5vIrjaD/5UtrkFX/tNbwjTSRAGC/+7CAo2pIcBaRgWmcBBHcsaCIw==",
      "license": "BlueOak-1.0.0"
    },
    "node_modules/path-exists": {
      "version": "4.0.0",
      "resolved": "https://registry.npmjs.org/path-exists/-/path-exists-4.0.0.tgz",
      "integrity": "sha512-ak9Qy5Q7jYb2Wwcey5Fpvg2KoAc/ZIhLSLOSBmRmygPsGwkVVt0fZa0qrtMz+m6tJTAHfZQ8FnmB4MG4LWy7/w==",
      "dev": true,
      "license": "MIT",
      "engines": {
        "node": ">=8"
      }
    },
    "node_modules/path-key": {
      "version": "3.1.1",
      "resolved": "https://registry.npmjs.org/path-key/-/path-key-3.1.1.tgz",
      "integrity": "sha512-ojmeN0qd+y0jszEtoY48r0Peq5dwMEkIlCOu6Q5f41lfkswXuKtYrhgoTpLnyIcHm24Uhqx+5Tqm2InSwLhE6Q==",
      "license": "MIT",
      "engines": {
        "node": ">=8"
      }
    },
    "node_modules/path-scurry": {
      "version": "2.0.0",
      "resolved": "https://registry.npmjs.org/path-scurry/-/path-scurry-2.0.0.tgz",
      "integrity": "sha512-ypGJsmGtdXUOeM5u93TyeIEfEhM6s+ljAhrk5vAvSx8uyY/02OvrZnA0YNGUrPXfpJMgI1ODd3nwz8Npx4O4cg==",
      "license": "BlueOak-1.0.0",
      "dependencies": {
        "lru-cache": "^11.0.0",
        "minipass": "^7.1.2"
      },
      "engines": {
        "node": "20 || >=22"
      },
      "funding": {
        "url": "https://github.com/sponsors/isaacs"
      }
    },
    "node_modules/path-type": {
      "version": "4.0.0",
      "resolved": "https://registry.npmjs.org/path-type/-/path-type-4.0.0.tgz",
      "integrity": "sha512-gDKb8aZMDeD/tZWs9P6+q0J9Mwkdl6xMV8TjnGP3qJVJ06bdMgkbBlLU8IdfOsIsFz2BW1rNVT3XuNEl8zPAvw==",
      "dev": true,
      "license": "MIT",
      "engines": {
        "node": ">=8"
      }
    },
    "node_modules/picocolors": {
      "version": "1.1.1",
      "resolved": "https://registry.npmjs.org/picocolors/-/picocolors-1.1.1.tgz",
      "integrity": "sha512-xceH2snhtb5M9liqDsmEw56le376mTZkEX/jEb/RxNFyegNul7eNslCXP9FDj/Lcu0X8KEyMceP2ntpaHrDEVA==",
      "license": "ISC"
    },
    "node_modules/picomatch": {
      "version": "2.3.1",
      "resolved": "https://registry.npmjs.org/picomatch/-/picomatch-2.3.1.tgz",
      "integrity": "sha512-JU3teHTNjmE2VCGFzuY8EXzCDVwEqB2a8fsIvwaStHhAWJEeVd1o1QD80CU6+ZdEXXSLbSsuLwJjkCBWqRQUVA==",
      "dev": true,
      "license": "MIT",
      "engines": {
        "node": ">=8.6"
      },
      "funding": {
        "url": "https://github.com/sponsors/jonschlinkert"
      }
    },
    "node_modules/pkg-dir": {
      "version": "4.2.0",
      "resolved": "https://registry.npmjs.org/pkg-dir/-/pkg-dir-4.2.0.tgz",
      "integrity": "sha512-HRDzbaKjC+AOWVXxAU/x54COGeIv9eb+6CkDSQoNTt4XyWoIJvuPsXizxu/Fr23EiekbtZwmh1IcIG/l/a10GQ==",
      "dev": true,
      "license": "MIT",
      "dependencies": {
        "find-up": "^4.0.0"
      },
      "engines": {
        "node": ">=8"
      }
    },
    "node_modules/postcss": {
      "version": "8.5.1",
      "resolved": "https://registry.npmjs.org/postcss/-/postcss-8.5.1.tgz",
      "integrity": "sha512-6oz2beyjc5VMn/KV1pPw8fliQkhBXrVn1Z3TVyqZxU8kZpzEKhBdmCFqI6ZbmGtamQvQGuU1sgPTk8ZrXDD7jQ==",
      "funding": [
        {
          "type": "opencollective",
          "url": "https://opencollective.com/postcss/"
        },
        {
          "type": "tidelift",
          "url": "https://tidelift.com/funding/github/npm/postcss"
        },
        {
          "type": "github",
          "url": "https://github.com/sponsors/ai"
        }
      ],
      "license": "MIT",
      "dependencies": {
        "nanoid": "^3.3.8",
        "picocolors": "^1.1.1",
        "source-map-js": "^1.2.1"
      },
      "engines": {
        "node": "^10 || ^12 || >=14"
      }
    },
    "node_modules/proxy-from-env": {
      "version": "1.1.0",
      "resolved": "https://registry.npmjs.org/proxy-from-env/-/proxy-from-env-1.1.0.tgz",
      "integrity": "sha512-D+zkORCbA9f1tdWRK0RaCR3GPv50cMxcrz4X8k5LTSUD1Dkw47mKJEZQNunItRTkWwgtaUSo1RVFRIG9ZXiFYg==",
      "license": "MIT"
    },
    "node_modules/queue-microtask": {
      "version": "1.2.3",
      "resolved": "https://registry.npmjs.org/queue-microtask/-/queue-microtask-1.2.3.tgz",
      "integrity": "sha512-NuaNSa6flKT5JaSYQzJok04JzTL1CA6aGhv5rfLW3PgqA+M2ChpZQnAC8h8i4ZFkBS8X5RqkDBHA7r4hej3K9A==",
      "dev": true,
      "funding": [
        {
          "type": "github",
          "url": "https://github.com/sponsors/feross"
        },
        {
          "type": "patreon",
          "url": "https://www.patreon.com/feross"
        },
        {
          "type": "consulting",
          "url": "https://feross.org/support"
        }
      ],
      "license": "MIT"
    },
    "node_modules/reusify": {
      "version": "1.0.4",
      "resolved": "https://registry.npmjs.org/reusify/-/reusify-1.0.4.tgz",
      "integrity": "sha512-U9nH88a3fc/ekCF1l0/UP1IosiuIjyTh7hBvXVMHYgVcfGvt897Xguj2UOLDeI5BG2m7/uwyaLVT6fbtCwTyzw==",
      "dev": true,
      "license": "MIT",
      "engines": {
        "iojs": ">=1.0.0",
        "node": ">=0.10.0"
      }
    },
    "node_modules/rollup": {
      "version": "4.30.1",
      "resolved": "https://registry.npmjs.org/rollup/-/rollup-4.30.1.tgz",
      "integrity": "sha512-mlJ4glW020fPuLi7DkM/lN97mYEZGWeqBnrljzN0gs7GLctqX3lNWxKQ7Gl712UAX+6fog/L3jh4gb7R6aVi3w==",
      "license": "MIT",
      "dependencies": {
        "@types/estree": "1.0.6"
      },
      "bin": {
        "rollup": "dist/bin/rollup"
      },
      "engines": {
        "node": ">=18.0.0",
        "npm": ">=8.0.0"
      },
      "optionalDependencies": {
        "@rollup/rollup-android-arm-eabi": "4.30.1",
        "@rollup/rollup-android-arm64": "4.30.1",
        "@rollup/rollup-darwin-arm64": "4.30.1",
        "@rollup/rollup-darwin-x64": "4.30.1",
        "@rollup/rollup-freebsd-arm64": "4.30.1",
        "@rollup/rollup-freebsd-x64": "4.30.1",
        "@rollup/rollup-linux-arm-gnueabihf": "4.30.1",
        "@rollup/rollup-linux-arm-musleabihf": "4.30.1",
        "@rollup/rollup-linux-arm64-gnu": "4.30.1",
        "@rollup/rollup-linux-arm64-musl": "4.30.1",
        "@rollup/rollup-linux-loongarch64-gnu": "4.30.1",
        "@rollup/rollup-linux-powerpc64le-gnu": "4.30.1",
        "@rollup/rollup-linux-riscv64-gnu": "4.30.1",
        "@rollup/rollup-linux-s390x-gnu": "4.30.1",
        "@rollup/rollup-linux-x64-gnu": "4.30.1",
        "@rollup/rollup-linux-x64-musl": "4.30.1",
        "@rollup/rollup-win32-arm64-msvc": "4.30.1",
        "@rollup/rollup-win32-ia32-msvc": "4.30.1",
        "@rollup/rollup-win32-x64-msvc": "4.30.1",
        "fsevents": "~2.3.2"
      }
    },
    "node_modules/run-parallel": {
      "version": "1.2.0",
      "resolved": "https://registry.npmjs.org/run-parallel/-/run-parallel-1.2.0.tgz",
      "integrity": "sha512-5l4VyZR86LZ/lDxZTR6jqL8AFE2S0IFLMP26AbjsLVADxHdhB/c0GUsH+y39UfCi3dzz8OlQuPmnaJOMoDHQBA==",
      "dev": true,
      "funding": [
        {
          "type": "github",
          "url": "https://github.com/sponsors/feross"
        },
        {
          "type": "patreon",
          "url": "https://www.patreon.com/feross"
        },
        {
          "type": "consulting",
          "url": "https://feross.org/support"
        }
      ],
      "license": "MIT",
      "dependencies": {
        "queue-microtask": "^1.2.2"
      }
    },
    "node_modules/semver": {
      "version": "6.3.1",
      "resolved": "https://registry.npmjs.org/semver/-/semver-6.3.1.tgz",
      "integrity": "sha512-BR7VvDCVHO+q2xBEWskxS6DJE1qRnb7DxzUrogb71CWoSficBxYsiAGd+Kl0mmq/MprG9yArRkyrQxTO6XjMzA==",
      "dev": true,
      "license": "ISC",
      "bin": {
        "semver": "bin/semver.js"
      }
    },
    "node_modules/shebang-command": {
      "version": "2.0.0",
      "resolved": "https://registry.npmjs.org/shebang-command/-/shebang-command-2.0.0.tgz",
      "integrity": "sha512-kHxr2zZpYtdmrN1qDjrrX/Z1rR1kG8Dx+gkpK1G4eXmvXswmcE1hTWBWYUzlraYw1/yZp6YuDY77YtvbN0dmDA==",
      "license": "MIT",
      "dependencies": {
        "shebang-regex": "^3.0.0"
      },
      "engines": {
        "node": ">=8"
      }
    },
    "node_modules/shebang-regex": {
      "version": "3.0.0",
      "resolved": "https://registry.npmjs.org/shebang-regex/-/shebang-regex-3.0.0.tgz",
      "integrity": "sha512-7++dFhtcx3353uBaq8DDR4NuxBetBzC7ZQOhmTQInHEd6bSrXdiEyzCvG07Z44UYdLShWUyXt5M/yhz8ekcb1A==",
      "license": "MIT",
      "engines": {
        "node": ">=8"
      }
    },
    "node_modules/signal-exit": {
      "version": "4.1.0",
      "resolved": "https://registry.npmjs.org/signal-exit/-/signal-exit-4.1.0.tgz",
      "integrity": "sha512-bzyZ1e88w9O1iNJbKnOlvYTrWPDl46O1bG0D3XInv+9tkPrxrN8jUUTiFlDkkmKWgn1M6CfIA13SuGqOa9Korw==",
      "license": "ISC",
      "engines": {
        "node": ">=14"
      },
      "funding": {
        "url": "https://github.com/sponsors/isaacs"
      }
    },
    "node_modules/slash": {
      "version": "3.0.0",
      "resolved": "https://registry.npmjs.org/slash/-/slash-3.0.0.tgz",
      "integrity": "sha512-g9Q1haeby36OSStwb4ntCGGGaKsaVSjQ68fBxoQcutl5fS1vuY18H3wSt3jFyFtrkx+Kz0V1G85A4MyAdDMi2Q==",
      "dev": true,
      "license": "MIT",
      "engines": {
        "node": ">=8"
      }
    },
    "node_modules/source-map": {
      "version": "0.6.1",
      "resolved": "https://registry.npmjs.org/source-map/-/source-map-0.6.1.tgz",
      "integrity": "sha512-UjgapumWlbMhkBgzT7Ykc5YXUT46F0iKu8SGXq0bcwP5dz/h0Plj6enJqjz1Zbq2l5WaqYnrVbwWOWMyF3F47g==",
      "license": "BSD-3-Clause",
      "engines": {
        "node": ">=0.10.0"
      }
    },
    "node_modules/source-map-js": {
      "version": "1.2.1",
      "resolved": "https://registry.npmjs.org/source-map-js/-/source-map-js-1.2.1.tgz",
      "integrity": "sha512-UXWMKhLOwVKb728IUtQPXxfYU+usdybtUrK/8uGE8CQMvrhOpwvzDBwj0QhSL7MQc7vIsISBG8VQ8+IDQxpfQA==",
      "license": "BSD-3-Clause",
      "engines": {
        "node": ">=0.10.0"
      }
    },
    "node_modules/string-width": {
      "version": "5.1.2",
      "resolved": "https://registry.npmjs.org/string-width/-/string-width-5.1.2.tgz",
      "integrity": "sha512-HnLOCR3vjcY8beoNLtcjZ5/nxn2afmME6lhrDrebokqMap+XbeW8n9TXpPDOqdGK5qcI3oT0GKTW6wC7EMiVqA==",
      "license": "MIT",
      "dependencies": {
        "eastasianwidth": "^0.2.0",
        "emoji-regex": "^9.2.2",
        "strip-ansi": "^7.0.1"
      },
      "engines": {
        "node": ">=12"
      },
      "funding": {
        "url": "https://github.com/sponsors/sindresorhus"
      }
    },
    "node_modules/string-width-cjs": {
      "name": "string-width",
      "version": "4.2.3",
      "resolved": "https://registry.npmjs.org/string-width/-/string-width-4.2.3.tgz",
      "integrity": "sha512-wKyQRQpjJ0sIp62ErSZdGsjMJWsap5oRNihHhu6G7JVO/9jIB6UyevL+tXuOqrng8j/cxKTWyWUwvSTriiZz/g==",
      "license": "MIT",
      "dependencies": {
        "emoji-regex": "^8.0.0",
        "is-fullwidth-code-point": "^3.0.0",
        "strip-ansi": "^6.0.1"
      },
      "engines": {
        "node": ">=8"
      }
    },
    "node_modules/string-width-cjs/node_modules/ansi-regex": {
      "version": "5.0.1",
      "resolved": "https://registry.npmjs.org/ansi-regex/-/ansi-regex-5.0.1.tgz",
      "integrity": "sha512-quJQXlTSUGL2LH9SUXo8VwsY4soanhgo6LNSm84E1LBcE8s3O0wpdiRzyR9z/ZZJMlMWv37qOOb9pdJlMUEKFQ==",
      "license": "MIT",
      "engines": {
        "node": ">=8"
      }
    },
    "node_modules/string-width-cjs/node_modules/emoji-regex": {
      "version": "8.0.0",
      "resolved": "https://registry.npmjs.org/emoji-regex/-/emoji-regex-8.0.0.tgz",
      "integrity": "sha512-MSjYzcWNOA0ewAHpz0MxpYFvwg6yjy1NG3xteoqz644VCo/RPgnr1/GGt+ic3iJTzQ8Eu3TdM14SawnVUmGE6A==",
      "license": "MIT"
    },
    "node_modules/string-width-cjs/node_modules/strip-ansi": {
      "version": "6.0.1",
      "resolved": "https://registry.npmjs.org/strip-ansi/-/strip-ansi-6.0.1.tgz",
      "integrity": "sha512-Y38VPSHcqkFrCpFnQ9vuSXmquuv5oXOKpGeT6aGrr3o3Gc9AlVa6JBfUSOCnbxGGZF+/0ooI7KrPuUSztUdU5A==",
      "license": "MIT",
      "dependencies": {
        "ansi-regex": "^5.0.1"
      },
      "engines": {
        "node": ">=8"
      }
    },
    "node_modules/strip-ansi": {
      "version": "7.1.0",
      "resolved": "https://registry.npmjs.org/strip-ansi/-/strip-ansi-7.1.0.tgz",
      "integrity": "sha512-iq6eVVI64nQQTRYq2KtEg2d2uU7LElhTJwsH4YzIHZshxlgZms/wIc4VoDQTlG/IvVIrBKG06CrZnp0qv7hkcQ==",
      "license": "MIT",
      "dependencies": {
        "ansi-regex": "^6.0.1"
      },
      "engines": {
        "node": ">=12"
      },
      "funding": {
        "url": "https://github.com/chalk/strip-ansi?sponsor=1"
      }
    },
    "node_modules/strip-ansi-cjs": {
      "name": "strip-ansi",
      "version": "6.0.1",
      "resolved": "https://registry.npmjs.org/strip-ansi/-/strip-ansi-6.0.1.tgz",
      "integrity": "sha512-Y38VPSHcqkFrCpFnQ9vuSXmquuv5oXOKpGeT6aGrr3o3Gc9AlVa6JBfUSOCnbxGGZF+/0ooI7KrPuUSztUdU5A==",
      "license": "MIT",
      "dependencies": {
        "ansi-regex": "^5.0.1"
      },
      "engines": {
        "node": ">=8"
      }
    },
    "node_modules/strip-ansi-cjs/node_modules/ansi-regex": {
      "version": "5.0.1",
      "resolved": "https://registry.npmjs.org/ansi-regex/-/ansi-regex-5.0.1.tgz",
      "integrity": "sha512-quJQXlTSUGL2LH9SUXo8VwsY4soanhgo6LNSm84E1LBcE8s3O0wpdiRzyR9z/ZZJMlMWv37qOOb9pdJlMUEKFQ==",
      "license": "MIT",
      "engines": {
        "node": ">=8"
      }
    },
    "node_modules/strip-outer": {
      "version": "1.0.1",
      "resolved": "https://registry.npmjs.org/strip-outer/-/strip-outer-1.0.1.tgz",
      "integrity": "sha512-k55yxKHwaXnpYGsOzg4Vl8+tDrWylxDEpknGjhTiZB8dFRU5rTo9CAzeycivxV3s+zlTKwrs6WxMxR95n26kwg==",
      "dev": true,
      "license": "MIT",
      "dependencies": {
        "escape-string-regexp": "^1.0.2"
      },
      "engines": {
        "node": ">=0.10.0"
      }
    },
    "node_modules/to-regex-range": {
      "version": "5.0.1",
      "resolved": "https://registry.npmjs.org/to-regex-range/-/to-regex-range-5.0.1.tgz",
      "integrity": "sha512-65P7iz6X5yEr1cwcgvQxbbIw7Uk3gOy5dIdtZ4rDveLqhrdJP+Li/Hx6tyK0NEb+2GCyneCMJiGqrADCSNk8sQ==",
      "dev": true,
      "license": "MIT",
      "dependencies": {
        "is-number": "^7.0.0"
      },
      "engines": {
        "node": ">=8.0"
      }
    },
    "node_modules/trim-repeated": {
      "version": "1.0.0",
      "resolved": "https://registry.npmjs.org/trim-repeated/-/trim-repeated-1.0.0.tgz",
      "integrity": "sha512-pkonvlKk8/ZuR0D5tLW8ljt5I8kmxp2XKymhepUeOdCEfKpZaktSArkLHZt76OB1ZvO9bssUsDty4SWhLvZpLg==",
      "dev": true,
      "license": "MIT",
      "dependencies": {
        "escape-string-regexp": "^1.0.2"
      },
      "engines": {
        "node": ">=0.10.0"
      }
    },
    "node_modules/uglify-js": {
      "version": "3.19.3",
      "resolved": "https://registry.npmjs.org/uglify-js/-/uglify-js-3.19.3.tgz",
      "integrity": "sha512-v3Xu+yuwBXisp6QYTcH4UbH+xYJXqnq2m/LtQVWKWzYc1iehYnLixoQDN9FH6/j9/oybfd6W9Ghwkl8+UMKTKQ==",
      "license": "BSD-2-Clause",
      "optional": true,
      "bin": {
        "uglifyjs": "bin/uglifyjs"
      },
      "engines": {
        "node": ">=0.8.0"
      }
    },
    "node_modules/universalify": {
      "version": "2.0.1",
      "resolved": "https://registry.npmjs.org/universalify/-/universalify-2.0.1.tgz",
      "integrity": "sha512-gptHNQghINnc/vTGIk0SOFGFNXw7JVrlRUtConJRlvaw6DuX0wO5Jeko9sWrMBhh+PsYAZ7oXAiOnf/UKogyiw==",
      "dev": true,
      "license": "MIT",
      "engines": {
        "node": ">= 10.0.0"
      }
    },
    "node_modules/vite": {
      "version": "6.0.7",
      "resolved": "https://registry.npmjs.org/vite/-/vite-6.0.7.tgz",
      "integrity": "sha512-RDt8r/7qx9940f8FcOIAH9PTViRrghKaK2K1jY3RaAURrEUbm9Du1mJ72G+jlhtG3WwodnfzY8ORQZbBavZEAQ==",
      "dev": true,
      "license": "MIT",
      "dependencies": {
        "esbuild": "^0.24.2",
        "postcss": "^8.4.49",
        "rollup": "^4.23.0"
      },
      "bin": {
        "vite": "bin/vite.js"
      },
      "engines": {
        "node": "^18.0.0 || ^20.0.0 || >=22.0.0"
      },
      "funding": {
        "url": "https://github.com/vitejs/vite?sponsor=1"
      },
      "optionalDependencies": {
        "fsevents": "~2.3.3"
      },
      "peerDependencies": {
        "@types/node": "^18.0.0 || ^20.0.0 || >=22.0.0",
        "jiti": ">=1.21.0",
        "less": "*",
        "lightningcss": "^1.21.0",
        "sass": "*",
        "sass-embedded": "*",
        "stylus": "*",
        "sugarss": "*",
        "terser": "^5.16.0",
        "tsx": "^4.8.1",
        "yaml": "^2.4.2"
      },
      "peerDependenciesMeta": {
        "@types/node": {
          "optional": true
        },
        "jiti": {
          "optional": true
        },
        "less": {
          "optional": true
        },
        "lightningcss": {
          "optional": true
        },
        "sass": {
          "optional": true
        },
        "sass-embedded": {
          "optional": true
        },
        "stylus": {
          "optional": true
        },
        "sugarss": {
          "optional": true
        },
        "terser": {
          "optional": true
        },
        "tsx": {
          "optional": true
        },
        "yaml": {
          "optional": true
        }
      }
    },
    "node_modules/vite-plugin-full-reload": {
      "version": "1.2.0",
      "resolved": "https://registry.npmjs.org/vite-plugin-full-reload/-/vite-plugin-full-reload-1.2.0.tgz",
      "integrity": "sha512-kz18NW79x0IHbxRSHm0jttP4zoO9P9gXh+n6UTwlNKnviTTEpOlum6oS9SmecrTtSr+muHEn5TUuC75UovQzcA==",
      "dev": true,
      "license": "MIT",
      "dependencies": {
        "picocolors": "^1.0.0",
        "picomatch": "^2.3.1"
      }
    },
    "node_modules/vite-plugin-handlebars": {
      "version": "2.0.0",
      "resolved": "https://registry.npmjs.org/vite-plugin-handlebars/-/vite-plugin-handlebars-2.0.0.tgz",
      "integrity": "sha512-+J3It0nyhPzx4nT1I+fnWH+jShTEXzm6X0Tgsggdm9IYFD7/eJ6a3ROI13HTe0CVoyaxm/fPxH5HDAKyfz7T0g==",
      "license": "MIT",
      "dependencies": {
        "handlebars": "^4.7.6",
        "vite": "^5.0.0"
      }
    },
    "node_modules/vite-plugin-handlebars/node_modules/@esbuild/aix-ppc64": {
      "version": "0.21.5",
      "resolved": "https://registry.npmjs.org/@esbuild/aix-ppc64/-/aix-ppc64-0.21.5.tgz",
      "integrity": "sha512-1SDgH6ZSPTlggy1yI6+Dbkiz8xzpHJEVAlF/AM1tHPLsf5STom9rwtjE4hKAF20FfXXNTFqEYXyJNWh1GiZedQ==",
      "cpu": [
        "ppc64"
      ],
      "license": "MIT",
      "optional": true,
      "os": [
        "aix"
      ],
      "engines": {
        "node": ">=12"
      }
    },
    "node_modules/vite-plugin-handlebars/node_modules/@esbuild/android-arm": {
      "version": "0.21.5",
      "resolved": "https://registry.npmjs.org/@esbuild/android-arm/-/android-arm-0.21.5.tgz",
      "integrity": "sha512-vCPvzSjpPHEi1siZdlvAlsPxXl7WbOVUBBAowWug4rJHb68Ox8KualB+1ocNvT5fjv6wpkX6o/iEpbDrf68zcg==",
      "cpu": [
        "arm"
      ],
      "license": "MIT",
      "optional": true,
      "os": [
        "android"
      ],
      "engines": {
        "node": ">=12"
      }
    },
    "node_modules/vite-plugin-handlebars/node_modules/@esbuild/android-arm64": {
      "version": "0.21.5",
      "resolved": "https://registry.npmjs.org/@esbuild/android-arm64/-/android-arm64-0.21.5.tgz",
      "integrity": "sha512-c0uX9VAUBQ7dTDCjq+wdyGLowMdtR/GoC2U5IYk/7D1H1JYC0qseD7+11iMP2mRLN9RcCMRcjC4YMclCzGwS/A==",
      "cpu": [
        "arm64"
      ],
      "license": "MIT",
      "optional": true,
      "os": [
        "android"
      ],
      "engines": {
        "node": ">=12"
      }
    },
    "node_modules/vite-plugin-handlebars/node_modules/@esbuild/android-x64": {
      "version": "0.21.5",
      "resolved": "https://registry.npmjs.org/@esbuild/android-x64/-/android-x64-0.21.5.tgz",
      "integrity": "sha512-D7aPRUUNHRBwHxzxRvp856rjUHRFW1SdQATKXH2hqA0kAZb1hKmi02OpYRacl0TxIGz/ZmXWlbZgjwWYaCakTA==",
      "cpu": [
        "x64"
      ],
      "license": "MIT",
      "optional": true,
      "os": [
        "android"
      ],
      "engines": {
        "node": ">=12"
      }
    },
    "node_modules/vite-plugin-handlebars/node_modules/@esbuild/darwin-arm64": {
      "version": "0.21.5",
      "resolved": "https://registry.npmjs.org/@esbuild/darwin-arm64/-/darwin-arm64-0.21.5.tgz",
      "integrity": "sha512-DwqXqZyuk5AiWWf3UfLiRDJ5EDd49zg6O9wclZ7kUMv2WRFr4HKjXp/5t8JZ11QbQfUS6/cRCKGwYhtNAY88kQ==",
      "cpu": [
        "arm64"
      ],
      "license": "MIT",
      "optional": true,
      "os": [
        "darwin"
      ],
      "engines": {
        "node": ">=12"
      }
    },
    "node_modules/vite-plugin-handlebars/node_modules/@esbuild/darwin-x64": {
      "version": "0.21.5",
      "resolved": "https://registry.npmjs.org/@esbuild/darwin-x64/-/darwin-x64-0.21.5.tgz",
      "integrity": "sha512-se/JjF8NlmKVG4kNIuyWMV/22ZaerB+qaSi5MdrXtd6R08kvs2qCN4C09miupktDitvh8jRFflwGFBQcxZRjbw==",
      "cpu": [
        "x64"
      ],
      "license": "MIT",
      "optional": true,
      "os": [
        "darwin"
      ],
      "engines": {
        "node": ">=12"
      }
    },
    "node_modules/vite-plugin-handlebars/node_modules/@esbuild/freebsd-arm64": {
      "version": "0.21.5",
      "resolved": "https://registry.npmjs.org/@esbuild/freebsd-arm64/-/freebsd-arm64-0.21.5.tgz",
      "integrity": "sha512-5JcRxxRDUJLX8JXp/wcBCy3pENnCgBR9bN6JsY4OmhfUtIHe3ZW0mawA7+RDAcMLrMIZaf03NlQiX9DGyB8h4g==",
      "cpu": [
        "arm64"
      ],
      "license": "MIT",
      "optional": true,
      "os": [
        "freebsd"
      ],
      "engines": {
        "node": ">=12"
      }
    },
    "node_modules/vite-plugin-handlebars/node_modules/@esbuild/freebsd-x64": {
      "version": "0.21.5",
      "resolved": "https://registry.npmjs.org/@esbuild/freebsd-x64/-/freebsd-x64-0.21.5.tgz",
      "integrity": "sha512-J95kNBj1zkbMXtHVH29bBriQygMXqoVQOQYA+ISs0/2l3T9/kj42ow2mpqerRBxDJnmkUDCaQT/dfNXWX/ZZCQ==",
      "cpu": [
        "x64"
      ],
      "license": "MIT",
      "optional": true,
      "os": [
        "freebsd"
      ],
      "engines": {
        "node": ">=12"
      }
    },
    "node_modules/vite-plugin-handlebars/node_modules/@esbuild/linux-arm": {
      "version": "0.21.5",
      "resolved": "https://registry.npmjs.org/@esbuild/linux-arm/-/linux-arm-0.21.5.tgz",
      "integrity": "sha512-bPb5AHZtbeNGjCKVZ9UGqGwo8EUu4cLq68E95A53KlxAPRmUyYv2D6F0uUI65XisGOL1hBP5mTronbgo+0bFcA==",
      "cpu": [
        "arm"
      ],
      "license": "MIT",
      "optional": true,
      "os": [
        "linux"
      ],
      "engines": {
        "node": ">=12"
      }
    },
    "node_modules/vite-plugin-handlebars/node_modules/@esbuild/linux-arm64": {
      "version": "0.21.5",
      "resolved": "https://registry.npmjs.org/@esbuild/linux-arm64/-/linux-arm64-0.21.5.tgz",
      "integrity": "sha512-ibKvmyYzKsBeX8d8I7MH/TMfWDXBF3db4qM6sy+7re0YXya+K1cem3on9XgdT2EQGMu4hQyZhan7TeQ8XkGp4Q==",
      "cpu": [
        "arm64"
      ],
      "license": "MIT",
      "optional": true,
      "os": [
        "linux"
      ],
      "engines": {
        "node": ">=12"
      }
    },
    "node_modules/vite-plugin-handlebars/node_modules/@esbuild/linux-ia32": {
      "version": "0.21.5",
      "resolved": "https://registry.npmjs.org/@esbuild/linux-ia32/-/linux-ia32-0.21.5.tgz",
      "integrity": "sha512-YvjXDqLRqPDl2dvRODYmmhz4rPeVKYvppfGYKSNGdyZkA01046pLWyRKKI3ax8fbJoK5QbxblURkwK/MWY18Tg==",
      "cpu": [
        "ia32"
      ],
      "license": "MIT",
      "optional": true,
      "os": [
        "linux"
      ],
      "engines": {
        "node": ">=12"
      }
    },
    "node_modules/vite-plugin-handlebars/node_modules/@esbuild/linux-loong64": {
      "version": "0.21.5",
      "resolved": "https://registry.npmjs.org/@esbuild/linux-loong64/-/linux-loong64-0.21.5.tgz",
      "integrity": "sha512-uHf1BmMG8qEvzdrzAqg2SIG/02+4/DHB6a9Kbya0XDvwDEKCoC8ZRWI5JJvNdUjtciBGFQ5PuBlpEOXQj+JQSg==",
      "cpu": [
        "loong64"
      ],
      "license": "MIT",
      "optional": true,
      "os": [
        "linux"
      ],
      "engines": {
        "node": ">=12"
      }
    },
    "node_modules/vite-plugin-handlebars/node_modules/@esbuild/linux-mips64el": {
      "version": "0.21.5",
      "resolved": "https://registry.npmjs.org/@esbuild/linux-mips64el/-/linux-mips64el-0.21.5.tgz",
      "integrity": "sha512-IajOmO+KJK23bj52dFSNCMsz1QP1DqM6cwLUv3W1QwyxkyIWecfafnI555fvSGqEKwjMXVLokcV5ygHW5b3Jbg==",
      "cpu": [
        "mips64el"
      ],
      "license": "MIT",
      "optional": true,
      "os": [
        "linux"
      ],
      "engines": {
        "node": ">=12"
      }
    },
    "node_modules/vite-plugin-handlebars/node_modules/@esbuild/linux-ppc64": {
      "version": "0.21.5",
      "resolved": "https://registry.npmjs.org/@esbuild/linux-ppc64/-/linux-ppc64-0.21.5.tgz",
      "integrity": "sha512-1hHV/Z4OEfMwpLO8rp7CvlhBDnjsC3CttJXIhBi+5Aj5r+MBvy4egg7wCbe//hSsT+RvDAG7s81tAvpL2XAE4w==",
      "cpu": [
        "ppc64"
      ],
      "license": "MIT",
      "optional": true,
      "os": [
        "linux"
      ],
      "engines": {
        "node": ">=12"
      }
    },
    "node_modules/vite-plugin-handlebars/node_modules/@esbuild/linux-riscv64": {
      "version": "0.21.5",
      "resolved": "https://registry.npmjs.org/@esbuild/linux-riscv64/-/linux-riscv64-0.21.5.tgz",
      "integrity": "sha512-2HdXDMd9GMgTGrPWnJzP2ALSokE/0O5HhTUvWIbD3YdjME8JwvSCnNGBnTThKGEB91OZhzrJ4qIIxk/SBmyDDA==",
      "cpu": [
        "riscv64"
      ],
      "license": "MIT",
      "optional": true,
      "os": [
        "linux"
      ],
      "engines": {
        "node": ">=12"
      }
    },
    "node_modules/vite-plugin-handlebars/node_modules/@esbuild/linux-s390x": {
      "version": "0.21.5",
      "resolved": "https://registry.npmjs.org/@esbuild/linux-s390x/-/linux-s390x-0.21.5.tgz",
      "integrity": "sha512-zus5sxzqBJD3eXxwvjN1yQkRepANgxE9lgOW2qLnmr8ikMTphkjgXu1HR01K4FJg8h1kEEDAqDcZQtbrRnB41A==",
      "cpu": [
        "s390x"
      ],
      "license": "MIT",
      "optional": true,
      "os": [
        "linux"
      ],
      "engines": {
        "node": ">=12"
      }
    },
    "node_modules/vite-plugin-handlebars/node_modules/@esbuild/linux-x64": {
      "version": "0.21.5",
      "resolved": "https://registry.npmjs.org/@esbuild/linux-x64/-/linux-x64-0.21.5.tgz",
      "integrity": "sha512-1rYdTpyv03iycF1+BhzrzQJCdOuAOtaqHTWJZCWvijKD2N5Xu0TtVC8/+1faWqcP9iBCWOmjmhoH94dH82BxPQ==",
      "cpu": [
        "x64"
      ],
      "license": "MIT",
      "optional": true,
      "os": [
        "linux"
      ],
      "engines": {
        "node": ">=12"
      }
    },
    "node_modules/vite-plugin-handlebars/node_modules/@esbuild/netbsd-x64": {
      "version": "0.21.5",
      "resolved": "https://registry.npmjs.org/@esbuild/netbsd-x64/-/netbsd-x64-0.21.5.tgz",
      "integrity": "sha512-Woi2MXzXjMULccIwMnLciyZH4nCIMpWQAs049KEeMvOcNADVxo0UBIQPfSmxB3CWKedngg7sWZdLvLczpe0tLg==",
      "cpu": [
        "x64"
      ],
      "license": "MIT",
      "optional": true,
      "os": [
        "netbsd"
      ],
      "engines": {
        "node": ">=12"
      }
    },
    "node_modules/vite-plugin-handlebars/node_modules/@esbuild/openbsd-x64": {
      "version": "0.21.5",
      "resolved": "https://registry.npmjs.org/@esbuild/openbsd-x64/-/openbsd-x64-0.21.5.tgz",
      "integrity": "sha512-HLNNw99xsvx12lFBUwoT8EVCsSvRNDVxNpjZ7bPn947b8gJPzeHWyNVhFsaerc0n3TsbOINvRP2byTZ5LKezow==",
      "cpu": [
        "x64"
      ],
      "license": "MIT",
      "optional": true,
      "os": [
        "openbsd"
      ],
      "engines": {
        "node": ">=12"
      }
    },
    "node_modules/vite-plugin-handlebars/node_modules/@esbuild/sunos-x64": {
      "version": "0.21.5",
      "resolved": "https://registry.npmjs.org/@esbuild/sunos-x64/-/sunos-x64-0.21.5.tgz",
      "integrity": "sha512-6+gjmFpfy0BHU5Tpptkuh8+uw3mnrvgs+dSPQXQOv3ekbordwnzTVEb4qnIvQcYXq6gzkyTnoZ9dZG+D4garKg==",
      "cpu": [
        "x64"
      ],
      "license": "MIT",
      "optional": true,
      "os": [
        "sunos"
      ],
      "engines": {
        "node": ">=12"
      }
    },
    "node_modules/vite-plugin-handlebars/node_modules/@esbuild/win32-arm64": {
      "version": "0.21.5",
      "resolved": "https://registry.npmjs.org/@esbuild/win32-arm64/-/win32-arm64-0.21.5.tgz",
      "integrity": "sha512-Z0gOTd75VvXqyq7nsl93zwahcTROgqvuAcYDUr+vOv8uHhNSKROyU961kgtCD1e95IqPKSQKH7tBTslnS3tA8A==",
      "cpu": [
        "arm64"
      ],
      "license": "MIT",
      "optional": true,
      "os": [
        "win32"
      ],
      "engines": {
        "node": ">=12"
      }
    },
    "node_modules/vite-plugin-handlebars/node_modules/@esbuild/win32-ia32": {
      "version": "0.21.5",
      "resolved": "https://registry.npmjs.org/@esbuild/win32-ia32/-/win32-ia32-0.21.5.tgz",
      "integrity": "sha512-SWXFF1CL2RVNMaVs+BBClwtfZSvDgtL//G/smwAc5oVK/UPu2Gu9tIaRgFmYFFKrmg3SyAjSrElf0TiJ1v8fYA==",
      "cpu": [
        "ia32"
      ],
      "license": "MIT",
      "optional": true,
      "os": [
        "win32"
      ],
      "engines": {
        "node": ">=12"
      }
    },
    "node_modules/vite-plugin-handlebars/node_modules/@esbuild/win32-x64": {
      "version": "0.21.5",
      "resolved": "https://registry.npmjs.org/@esbuild/win32-x64/-/win32-x64-0.21.5.tgz",
      "integrity": "sha512-tQd/1efJuzPC6rCFwEvLtci/xNFcTZknmXs98FYDfGE4wP9ClFV98nyKrzJKVPMhdDnjzLhdUyMX4PsQAPjwIw==",
      "cpu": [
        "x64"
      ],
      "license": "MIT",
      "optional": true,
      "os": [
        "win32"
      ],
      "engines": {
        "node": ">=12"
      }
    },
    "node_modules/vite-plugin-handlebars/node_modules/esbuild": {
      "version": "0.21.5",
      "resolved": "https://registry.npmjs.org/esbuild/-/esbuild-0.21.5.tgz",
      "integrity": "sha512-mg3OPMV4hXywwpoDxu3Qda5xCKQi+vCTZq8S9J/EpkhB2HzKXq4SNFZE3+NK93JYxc8VMSep+lOUSC/RVKaBqw==",
      "hasInstallScript": true,
      "license": "MIT",
      "bin": {
        "esbuild": "bin/esbuild"
      },
      "engines": {
        "node": ">=12"
      },
      "optionalDependencies": {
        "@esbuild/aix-ppc64": "0.21.5",
        "@esbuild/android-arm": "0.21.5",
        "@esbuild/android-arm64": "0.21.5",
        "@esbuild/android-x64": "0.21.5",
        "@esbuild/darwin-arm64": "0.21.5",
        "@esbuild/darwin-x64": "0.21.5",
        "@esbuild/freebsd-arm64": "0.21.5",
        "@esbuild/freebsd-x64": "0.21.5",
        "@esbuild/linux-arm": "0.21.5",
        "@esbuild/linux-arm64": "0.21.5",
        "@esbuild/linux-ia32": "0.21.5",
        "@esbuild/linux-loong64": "0.21.5",
        "@esbuild/linux-mips64el": "0.21.5",
        "@esbuild/linux-ppc64": "0.21.5",
        "@esbuild/linux-riscv64": "0.21.5",
        "@esbuild/linux-s390x": "0.21.5",
        "@esbuild/linux-x64": "0.21.5",
        "@esbuild/netbsd-x64": "0.21.5",
        "@esbuild/openbsd-x64": "0.21.5",
        "@esbuild/sunos-x64": "0.21.5",
        "@esbuild/win32-arm64": "0.21.5",
        "@esbuild/win32-ia32": "0.21.5",
        "@esbuild/win32-x64": "0.21.5"
      }
    },
    "node_modules/vite-plugin-handlebars/node_modules/vite": {
      "version": "5.4.11",
      "resolved": "https://registry.npmjs.org/vite/-/vite-5.4.11.tgz",
      "integrity": "sha512-c7jFQRklXua0mTzneGW9QVyxFjUgwcihC4bXEtujIo2ouWCe1Ajt/amn2PCxYnhYfd5k09JX3SB7OYWFKYqj8Q==",
      "license": "MIT",
      "dependencies": {
        "esbuild": "^0.21.3",
        "postcss": "^8.4.43",
        "rollup": "^4.20.0"
      },
      "bin": {
        "vite": "bin/vite.js"
      },
      "engines": {
        "node": "^18.0.0 || >=20.0.0"
      },
      "funding": {
        "url": "https://github.com/vitejs/vite?sponsor=1"
      },
      "optionalDependencies": {
        "fsevents": "~2.3.3"
      },
      "peerDependencies": {
        "@types/node": "^18.0.0 || >=20.0.0",
        "less": "*",
        "lightningcss": "^1.21.0",
        "sass": "*",
        "sass-embedded": "*",
        "stylus": "*",
        "sugarss": "*",
        "terser": "^5.4.0"
      },
      "peerDependenciesMeta": {
        "@types/node": {
          "optional": true
        },
        "less": {
          "optional": true
        },
        "lightningcss": {
          "optional": true
        },
        "sass": {
          "optional": true
        },
        "sass-embedded": {
          "optional": true
        },
        "stylus": {
          "optional": true
        },
        "sugarss": {
          "optional": true
        },
        "terser": {
          "optional": true
        }
      }
    },
    "node_modules/vite-plugin-html-inject": {
      "version": "1.1.2",
      "resolved": "https://registry.npmjs.org/vite-plugin-html-inject/-/vite-plugin-html-inject-1.1.2.tgz",
      "integrity": "sha512-4DWANEcAw73H5JLWTAI4EvXdSyoGqGq/Is9fTRjpF+SJLor58LNdqB+YYnK3FOLwx6LMTAn4z1hkiRyc52lYLg==",
      "license": "MIT"
    },
    "node_modules/which": {
      "version": "2.0.2",
      "resolved": "https://registry.npmjs.org/which/-/which-2.0.2.tgz",
      "integrity": "sha512-BLI3Tl1TW3Pvl70l3yq3Y64i+awpwXqsGBYWkkqMtnbXgrMD+yj7rhW0kuEDxzJaYXGjEW5ogapKNMEKNMjibA==",
      "license": "ISC",
      "dependencies": {
        "isexe": "^2.0.0"
      },
      "bin": {
        "node-which": "bin/node-which"
      },
      "engines": {
        "node": ">= 8"
      }
    },
    "node_modules/wordwrap": {
      "version": "1.0.0",
      "resolved": "https://registry.npmjs.org/wordwrap/-/wordwrap-1.0.0.tgz",
      "integrity": "sha512-gvVzJFlPycKc5dZN4yPkP8w7Dc37BtP1yczEneOb4uq34pXZcvrtRTmWV8W+Ume+XCxKgbjM+nevkyFPMybd4Q==",
      "license": "MIT"
    },
    "node_modules/wrap-ansi": {
      "version": "8.1.0",
      "resolved": "https://registry.npmjs.org/wrap-ansi/-/wrap-ansi-8.1.0.tgz",
      "integrity": "sha512-si7QWI6zUMq56bESFvagtmzMdGOtoxfR+Sez11Mobfc7tm+VkUckk9bW2UeffTGVUbOksxmSw0AA2gs8g71NCQ==",
      "license": "MIT",
      "dependencies": {
        "ansi-styles": "^6.1.0",
        "string-width": "^5.0.1",
        "strip-ansi": "^7.0.1"
      },
      "engines": {
        "node": ">=12"
      },
      "funding": {
        "url": "https://github.com/chalk/wrap-ansi?sponsor=1"
      }
    },
    "node_modules/wrap-ansi-cjs": {
      "name": "wrap-ansi",
      "version": "7.0.0",
      "resolved": "https://registry.npmjs.org/wrap-ansi/-/wrap-ansi-7.0.0.tgz",
      "integrity": "sha512-YVGIj2kamLSTxw6NsZjoBxfSwsn0ycdesmc4p+Q21c5zPuZ1pl+NfxVdxPtdHvmNVOQ6XSYG4AUtyt/Fi7D16Q==",
      "license": "MIT",
      "dependencies": {
        "ansi-styles": "^4.0.0",
        "string-width": "^4.1.0",
        "strip-ansi": "^6.0.0"
      },
      "engines": {
        "node": ">=10"
      },
      "funding": {
        "url": "https://github.com/chalk/wrap-ansi?sponsor=1"
      }
    },
    "node_modules/wrap-ansi-cjs/node_modules/ansi-regex": {
      "version": "5.0.1",
      "resolved": "https://registry.npmjs.org/ansi-regex/-/ansi-regex-5.0.1.tgz",
      "integrity": "sha512-quJQXlTSUGL2LH9SUXo8VwsY4soanhgo6LNSm84E1LBcE8s3O0wpdiRzyR9z/ZZJMlMWv37qOOb9pdJlMUEKFQ==",
      "license": "MIT",
      "engines": {
        "node": ">=8"
      }
    },
    "node_modules/wrap-ansi-cjs/node_modules/ansi-styles": {
      "version": "4.3.0",
      "resolved": "https://registry.npmjs.org/ansi-styles/-/ansi-styles-4.3.0.tgz",
      "integrity": "sha512-zbB9rCJAT1rbjiVDb2hqKFHNYLxgtk8NURxZ3IZwD3F6NtxbXZQCnnSi1Lkx+IDohdPlFp222wVALIheZJQSEg==",
      "license": "MIT",
      "dependencies": {
        "color-convert": "^2.0.1"
      },
      "engines": {
        "node": ">=8"
      },
      "funding": {
        "url": "https://github.com/chalk/ansi-styles?sponsor=1"
      }
    },
    "node_modules/wrap-ansi-cjs/node_modules/emoji-regex": {
      "version": "8.0.0",
      "resolved": "https://registry.npmjs.org/emoji-regex/-/emoji-regex-8.0.0.tgz",
      "integrity": "sha512-MSjYzcWNOA0ewAHpz0MxpYFvwg6yjy1NG3xteoqz644VCo/RPgnr1/GGt+ic3iJTzQ8Eu3TdM14SawnVUmGE6A==",
      "license": "MIT"
    },
    "node_modules/wrap-ansi-cjs/node_modules/string-width": {
      "version": "4.2.3",
      "resolved": "https://registry.npmjs.org/string-width/-/string-width-4.2.3.tgz",
      "integrity": "sha512-wKyQRQpjJ0sIp62ErSZdGsjMJWsap5oRNihHhu6G7JVO/9jIB6UyevL+tXuOqrng8j/cxKTWyWUwvSTriiZz/g==",
      "license": "MIT",
      "dependencies": {
        "emoji-regex": "^8.0.0",
        "is-fullwidth-code-point": "^3.0.0",
        "strip-ansi": "^6.0.1"
      },
      "engines": {
        "node": ">=8"
      }
    },
    "node_modules/wrap-ansi-cjs/node_modules/strip-ansi": {
      "version": "6.0.1",
      "resolved": "https://registry.npmjs.org/strip-ansi/-/strip-ansi-6.0.1.tgz",
      "integrity": "sha512-Y38VPSHcqkFrCpFnQ9vuSXmquuv5oXOKpGeT6aGrr3o3Gc9AlVa6JBfUSOCnbxGGZF+/0ooI7KrPuUSztUdU5A==",
      "license": "MIT",
      "dependencies": {
        "ansi-regex": "^5.0.1"
      },
      "engines": {
        "node": ">=8"
      }
    }
  }
}
